,level_0,index,Season,Player,Player ranked,Pos,Pos ranked,Team,Team ranked,G,G ranked,GS,GS ranked,FG,FG ranked,FGA,FGA ranked,3PA,3PA ranked,3P%,3P% ranked,2PA,2PA ranked,2P%,2P% ranked,eFG%,eFG% ranked,FT,FT ranked,FTA,FTA ranked,FT%,FT% ranked,ORB,ORB ranked,DRB,DRB ranked,TRB,TRB ranked,AST/TOV,AST/TOV ranked,AST,AST ranked,STL,STL ranked,BLK,BLK ranked,TOV,TOV ranked,PF,PF ranked,PTS,PTS ranked,PER,PER ranked,TS%,TS% ranked,3PAr,3PAr ranked,FTr,FTr ranked,ORB%,ORB% ranked,DRB%,DRB% ranked,TRB%,TRB% ranked,AST%,AST% ranked,STL%,STL% ranked,BLK%,BLK% ranked,TOV%,TOV% ranked,USG%,USG% ranked,OWS,OWS ranked,DWS,DWS ranked,WS,WS ranked,WS/48,WS/48 ranked,OBPM,OBPM ranked,DBPM,DBPM ranked,BPM,BPM ranked,VORP,VORP ranked,Average distance (ft.) of FGA,Average distance (ft.) of FGA ranked,%FGA 0-3,%FGA 0-3 ranked,%FGA 3-10,%FGA 3-10 ranked,%FGA 10-16,%FGA 10-16 ranked,%FGA 16-3P,%FGA 16-3P ranked,%FGA,%FGA ranked,#,# ranked,%3PA,%3PA ranked,Att.,Att. ranked,%FGA 3P,%FGA 3P ranked,std_areas_FGA,std_areas_FGA ranked
0,0,1,2023,Steven Adams,5,C,5,MEM,5,42.0,10,42.0,8,3.7,9,6.3,10,0.0,10,0.0,10,6.2,7,0.599,2,0.597,2,1.1,9,3.1,5,0.364,10,5.1,1,6.5,2,11.5,1,1.2,9,2.3,7,0.9,5,1.1,1,1.9,5,2.3,5,8.6,10,17.5,4,0.564,7,0.004,10,0.49,1,20.1,1,25.3,1,22.7,1,11.2,7,1.5,5,3.7,1,19.8,1,14.6,9,1.3,8,2.1,5,3.4,7,0.144,3,-0.3,7,0.9,2,0.6,6,0.7,7,2.6,10,0.696,1,0.281,2,0.019,10,0.0,10,16.3,1,4100.0,4,100.0,1,0.0,8,0.0040000000000000036,10,0.3,1
1,1,2,2023,Bam Adebayo,5,C,5,MIA,5,75.0,3,75.0,2,8.0,2,14.9,4,0.2,10,0.083,10,14.7,1,0.545,5,0.541,6,4.3,2,5.4,2,0.806,5,2.5,1,6.7,2,9.2,1,1.3,8,3.2,6,1.2,2,0.8,2,2.5,3,2.8,3,20.4,3,20.1,2,0.592,5,0.011,10,0.361,3,8.0,2,23.6,2,15.5,2,15.9,6,1.7,3,2.4,2,12.7,4,25.2,4,3.6,4,3.8,1,7.4,2,0.137,4,0.8,5,0.8,3,1.5,4,2.3,3,7.3,10,0.295,3,0.379,1,0.26,1,0.047,6,13.600000000000001,1,13900.0,1,0.0,10,100.0,5,0.019000000000000017,10,0.1,7
2,2,8,2023,Grayson Allen,5,SG,5,MIL,5,72.0,4,70.0,3,3.4,9,7.7,9,5.1,5,0.399,2,2.7,10,0.518,7,0.571,3,1.6,7,1.8,8,0.905,1,0.8,6,2.4,9,3.3,9,2.3,3,2.3,7,0.9,5,0.2,9,1.0,9,1.6,9,10.4,8,12.3,8,0.612,3,0.657,1,0.226,7,3.4,5,9.0,9,6.3,9,10.9,8,1.5,5,0.6,9,10.5,7,14.6,9,2.8,5,2.2,5,5.1,4,0.123,4,-0.6,7,0.7,3,0.1,6,1.0,6,18.7,1,0.18,6,0.104,10,0.054,8,0.005,10,2.7,6,1200.0,7,21.3,5,0.0,8,0.657,1,0.2,3
3,3,9,2023,Jarrett Allen,5,C,5,CLE,5,68.0,6,68.0,3,5.9,5,9.2,7,0.1,10,0.1,10,9.1,4,0.653,1,0.645,1,2.4,5,3.3,5,0.733,9,3.3,1,6.5,2,9.8,1,1.2,9,1.7,8,0.8,7,1.2,1,1.4,7,2.3,5,14.3,6,19.9,3,0.67,1,0.016,10,0.353,3,11.7,1,23.6,2,17.7,1,7.5,9,1.2,7,3.5,1,11.4,6,16.4,8,5.5,1,4.0,1,9.5,1,0.205,1,1.3,4,1.0,2,2.4,3,2.4,3,4.4,10,0.57,1,0.304,2,0.075,7,0.027,8,31.6,1,17700.0,1,60.0,1,0.0,8,0.024000000000000132,10,0.2,3
4,4,11,2023,Kyle Anderson,5,PF,5,MIN,5,69.0,5,46.0,8,3.7,9,7.2,9,1.5,9,0.41,1,5.7,7,0.536,5,0.553,5,1.4,8,2.0,8,0.735,8,1.0,5,4.4,4,5.3,4,3.3,1,4.9,3,1.1,3,0.9,2,1.5,7,2.1,7,9.4,9,14.8,6,0.583,6,0.212,9,0.275,5,3.8,5,16.9,4,10.5,4,22.6,3,1.9,2,2.8,2,15.7,2,14.4,9,2.5,5,2.6,3,5.1,4,0.125,4,0.2,6,2.3,1,2.5,3,2.2,3,9.9,9,0.246,4,0.426,1,0.087,6,0.028,8,2.0,7,1000.0,8,44.800000000000004,1,100.0,5,0.21300000000000008,9,0.1,7
5,5,12,2023,Giannis Antetokounmpo,5,PF,5,MIL,5,63.0,7,63.0,5,11.2,1,20.3,1,2.7,8,0.275,10,17.6,1,0.596,2,0.572,3,7.9,1,12.3,1,0.645,10,2.2,2,9.6,1,11.8,1,1.5,7,5.7,2,0.8,7,0.8,2,3.9,1,3.1,2,31.1,1,29.0,1,0.605,4,0.134,9,0.604,1,7.3,2,30.0,1,19.1,1,33.2,1,1.2,7,2.1,3,13.2,4,38.8,1,4.9,2,3.7,1,8.6,1,0.204,1,5.8,1,2.7,1,8.5,1,5.4,1,8.1,9,0.48,1,0.212,5,0.091,5,0.084,3,16.6,1,19800.0,1,2.3,10,0.0,8,0.13300000000000012,9,0.1,7
6,6,14,2023,Cole Anthony,5,PG,5,ORL,5,60.0,8,4.0,10,4.6,7,10.2,7,3.4,7,0.364,5,6.7,6,0.5,8,0.516,8,2.5,5,2.8,6,0.894,1,0.8,6,4.0,5,4.8,5,2.6,2,3.9,4,0.6,9,0.5,4,1.5,7,2.6,4,13.0,7,16.0,5,0.57,7,0.338,7,0.279,5,3.4,5,17.6,3,10.5,4,22.9,3,1.2,7,1.9,3,11.7,6,21.5,5,2.1,6,1.7,7,3.7,7,0.116,5,0.7,6,0.5,4,1.3,4,1.3,5,14.7,5,0.143,8,0.249,3,0.151,2,0.12,2,2.3,7,1100.0,8,8.3,9,0.0,8,0.33699999999999997,7,0.1,7
7,7,15,2023,OG Anunoby,5,SF,5,TOR,5,67.0,6,67.0,4,6.3,5,13.2,5,5.5,4,0.387,3,7.7,5,0.539,5,0.556,5,2.1,6,2.5,6,0.838,4,1.4,3,3.5,6,5.0,5,1.0,10,2.0,8,1.9,1,0.7,3,2.0,4,3.0,2,16.8,5,14.6,7,0.586,5,0.415,5,0.189,8,4.2,4,12.1,7,7.9,6,8.0,9,2.7,1,2.0,3,12.1,5,19.5,6,1.8,6,2.9,2,4.7,5,0.094,6,-0.3,7,0.7,3,0.4,6,1.5,5,13.5,7,0.293,3,0.173,7,0.062,7,0.056,5,13.0,2,10300.0,1,39.2,2,100.0,5,0.4159999999999999,5,0.1,7
8,8,19,2023,Deni Avdija,5,SF,5,WAS,5,76.0,3,40.0,9,3.3,10,7.6,9,3.1,8,0.297,9,4.6,8,0.53,6,0.497,9,1.6,7,2.2,7,0.739,8,1.0,5,5.4,3,6.4,3,1.7,6,2.8,6,0.9,5,0.4,6,1.6,6,2.8,3,9.2,9,11.2,9,0.535,9,0.401,6,0.285,4,4.2,4,21.9,2,13.4,2,13.9,6,1.6,4,1.2,6,15.9,2,16.7,8,0.0,10,2.3,4,2.3,9,0.054,9,-2.8,10,0.5,4,-2.3,9,-0.1,9,13.3,7,0.278,4,0.263,3,0.038,9,0.021,8,5.7,3,2900.0,5,24.099999999999998,4,100.0,5,0.3999999999999999,6,0.1,7
9,9,20,2023,Deandre Ayton,5,C,5,PHO,5,67.0,6,67.0,4,7.8,3,13.2,5,0.4,10,0.292,9,12.9,1,0.597,2,0.592,2,2.3,6,3.0,5,0.76,7,2.6,1,7.4,1,10.0,1,0.9,10,1.7,8,0.6,9,0.8,2,1.8,5,2.8,3,18.0,4,19.9,3,0.617,3,0.027,10,0.225,7,9.2,1,27.5,1,18.1,1,9.2,8,0.9,9,2.3,2,11.0,6,22.9,4,3.3,4,3.0,2,6.2,3,0.147,3,0.9,5,0.0,6,0.9,5,1.5,5,7.7,10,0.313,2,0.352,1,0.223,1,0.085,3,13.100000000000001,1,11000.0,1,0.0,10,0.0,8,0.027000000000000024,10,0.1,7
10,10,25,2023,LaMelo Ball,5,PG,5,CHO,5,36.0,10,36.0,9,8.2,2,20.0,1,10.6,1,0.376,4,9.4,3,0.45,10,0.51,9,2.8,4,3.4,5,0.836,4,1.2,4,5.3,3,6.4,3,2.3,3,8.4,1,1.3,2,0.3,7,3.6,1,3.3,1,23.3,2,17.9,4,0.541,9,0.531,2,0.169,8,3.5,5,16.2,4,9.7,4,38.7,1,1.7,3,0.8,8,14.3,3,30.0,1,0.6,9,1.2,9,1.8,9,0.068,8,3.2,2,-0.8,8,2.4,3,1.4,5,17.7,2,0.169,7,0.162,8,0.085,6,0.053,6,0.4,9,300.0,9,13.600000000000001,7,200.0,3,0.5309999999999999,3,0.2,3
11,11,29,2023,Paolo Banchero,5,PF,5,ORL,5,72.0,4,72.0,3,6.7,4,15.6,3,4.0,7,0.298,9,11.6,2,0.471,10,0.465,10,5.5,1,7.4,1,0.738,8,1.2,4,5.7,3,6.9,3,1.3,8,3.7,5,0.8,7,0.5,4,2.8,2,2.2,6,20.0,4,14.9,6,0.529,10,0.254,8,0.476,1,3.9,5,19.3,3,11.6,3,17.2,5,1.2,7,1.5,4,12.8,4,27.5,2,-0.3,10,2.6,3,2.4,8,0.047,9,-0.7,8,-0.7,8,-1.5,8,0.3,8,12.4,8,0.242,5,0.253,3,0.124,3,0.127,2,5.4,4,5200.0,3,12.3,8,100.0,5,0.254,8,0.1,7
12,12,30,2023,Desmond Bane,5,SG,5,MEM,5,58.0,9,58.0,6,7.8,3,16.2,3,7.0,2,0.408,1,9.2,4,0.534,6,0.568,4,3.1,4,3.5,4,0.883,1,0.7,7,4.3,4,5.0,5,2.0,5,4.4,4,1.0,4,0.4,6,2.2,4,2.6,4,21.5,3,19.1,3,0.606,4,0.433,4,0.218,7,2.5,7,14.3,5,8.4,6,20.8,4,1.4,6,1.1,6,10.9,6,26.1,3,3.5,4,2.3,4,5.8,4,0.151,3,3.3,2,0.1,5,3.5,2,2.5,3,14.8,5,0.229,5,0.21,5,0.071,7,0.056,5,0.7000000000000001,9,600.0,8,15.0,7,200.0,3,0.43399999999999994,4,0.1,7
13,13,33,2023,Harrison Barnes,5,PF,5,SAC,5,82.0,1,82.0,1,4.6,7,9.6,7,4.3,6,0.374,4,5.3,7,0.553,4,0.556,5,4.3,2,5.0,3,0.847,3,1.1,4,3.4,6,4.5,6,1.6,7,1.6,9,0.7,8,0.1,10,1.0,9,1.3,10,15.0,6,14.1,7,0.632,2,0.446,4,0.522,1,3.8,5,11.9,7,7.9,6,6.3,10,1.0,9,0.3,10,8.1,10,17.1,8,5.1,2,1.4,8,6.5,3,0.118,5,0.5,6,-1.5,10,-1.0,8,0.7,7,13.6,7,0.255,4,0.23,4,0.053,8,0.008,10,6.2,3,4600.0,3,36.5,2,200.0,3,0.45399999999999996,4,0.2,3
14,14,34,2023,Scottie Barnes,5,SF,5,TOR,5,77.0,2,76.0,1,6.0,5,13.2,5,2.9,8,0.281,9,10.3,3,0.505,8,0.487,9,2.5,5,3.2,5,0.772,7,2.3,2,4.3,4,6.6,3,2.4,3,4.8,3,1.1,3,0.8,2,2.0,4,2.2,6,15.3,5,15.5,6,0.524,10,0.22,9,0.242,6,7.1,2,15.2,4,10.8,4,20.0,4,1.5,5,2.2,2,12.0,5,20.3,6,2.3,6,2.7,3,5.0,5,0.09,7,0.5,6,-0.1,6,0.4,6,1.6,5,10.7,8,0.275,4,0.317,1,0.096,5,0.082,3,8.6,2,8200.0,2,33.900000000000006,3,400.0,1,0.22999999999999998,9,0.1,7
15,15,35,2023,RJ Barrett,5,SG,5,NYK,5,73.0,4,73.0,2,7.0,4,16.1,3,5.3,4,0.31,9,10.8,2,0.495,8,0.485,10,4.0,3,5.4,2,0.74,8,0.8,6,4.2,4,5.0,5,1.3,8,2.8,6,0.4,10,0.2,9,2.2,4,2.5,4,19.6,4,12.9,8,0.531,10,0.332,7,0.333,3,2.7,7,13.7,5,8.2,6,12.4,7,0.6,10,0.6,9,10.8,7,26.2,3,0.5,9,1.8,7,2.2,9,0.043,9,-1.2,8,-1.9,10,-3.1,10,-0.7,10,11.5,8,0.299,3,0.287,2,0.06,8,0.023,8,2.9000000000000004,6,2900.0,5,28.999999999999996,3,0.0,8,0.33100000000000007,7,0.1,7
16,16,45,2023,Bradley Beal,5,SG,5,WAS,5,50.0,9,50.0,7,8.9,2,17.6,2,4.4,6,0.365,5,13.2,1,0.552,4,0.551,5,3.8,3,4.6,3,0.842,4,0.8,6,3.1,8,3.9,8,1.9,6,5.4,3,0.9,5,0.7,3,2.9,2,2.1,7,23.2,2,19.7,3,0.593,5,0.249,8,0.26,5,2.8,6,9.9,9,6.5,8,26.6,2,1.3,7,1.7,4,12.9,4,29.2,2,2.2,6,1.2,9,3.4,7,0.099,6,2.9,2,-1.2,9,1.8,4,1.6,5,12.9,7,0.197,6,0.256,3,0.164,2,0.133,1,1.6,8,1400.0,7,20.1,5,0.0,8,0.25,8,0.0,10
17,17,46,2023,Malik Beasley,5,SG,5,TOT,5,81.0,1,27.0,9,4.6,7,11.6,5,8.1,1,0.357,6,3.4,9,0.484,9,0.52,8,0.6,10,0.8,10,0.769,7,0.4,10,3.1,8,3.5,9,1.4,8,1.5,9,0.8,7,0.1,10,1.1,9,1.3,10,12.7,7,10.9,9,0.531,10,0.702,1,0.069,10,1.8,9,12.5,6,7.3,7,8.4,8,1.5,5,0.4,10,8.5,9,21.1,5,-0.2,10,1.6,7,1.4,10,0.032,10,-0.9,8,-1.0,9,-2.0,9,0.0,9,21.0,1,0.036,10,0.131,9,0.073,7,0.058,5,0.6,9,400.0,9,16.7,6,300.0,2,0.702,1,0.3,1
18,18,51,2023,Patrick Beverley,5,SG-PG,5,TOT,5,67.0,6,67.0,4,2.1,10,5.4,10,3.6,7,0.335,7,1.8,10,0.529,6,0.511,9,0.7,10,1.0,10,0.723,9,0.7,7,3.0,8,3.7,8,3.2,1,2.9,6,0.9,5,0.6,4,0.9,10,2.8,3,6.2,10,8.9,10,0.534,9,0.664,1,0.181,8,2.7,7,12.0,7,7.5,7,13.3,6,1.7,3,2.0,3,13.4,3,10.6,10,0.8,9,2.1,5,3.0,8,0.079,8,-2.9,10,1.7,1,-1.2,8,0.3,8,18.7,1,0.122,9,0.181,7,0.022,10,0.011,9,0.3,9,100.0,10,33.5,3,200.0,3,0.6639999999999999,1,0.2,3
19,19,54,2023,Saddiq Bey,5,SF,5,TOT,5,77.0,2,37.0,9,4.6,7,10.9,6,5.4,4,0.361,5,5.4,7,0.483,9,0.513,9,2.7,5,3.1,5,0.861,3,1.3,3,3.4,6,4.7,5,1.7,6,1.5,9,0.9,5,0.2,9,0.9,10,1.6,9,13.8,6,14.6,7,0.564,7,0.5,3,0.285,4,5.0,3,14.0,5,9.4,5,8.1,9,1.6,4,0.5,9,7.0,10,20.2,6,2.6,5,1.2,9,3.9,6,0.087,7,0.9,5,-1.2,9,-0.3,7,0.9,7,15.6,4,0.218,5,0.177,7,0.05,8,0.049,6,3.5999999999999996,5,3000.0,4,34.699999999999996,3,600.0,1,0.506,3,0.2,3
20,20,64,2023,Bogdan Bogdanović,5,SG,5,ATL,5,54.0,9,9.0,10,5.1,6,11.3,6,6.7,3,0.406,2,4.6,8,0.506,8,0.566,4,1.2,9,1.4,9,0.831,4,0.4,10,2.6,9,3.1,9,2.3,3,2.8,6,0.8,7,0.3,7,1.2,8,1.6,9,14.0,6,14.2,7,0.586,5,0.589,2,0.126,10,1.6,9,10.4,8,6.0,9,13.4,6,1.4,6,1.0,7,9.2,8,19.8,6,1.8,6,1.0,9,2.8,8,0.088,7,1.1,5,-0.7,8,0.5,6,0.9,7,18.8,1,0.087,10,0.098,10,0.131,3,0.09,3,0.3,9,200.0,9,20.599999999999998,5,0.0,8,0.594,2,0.2,3
21,21,65,2023,Bojan Bogdanović,5,PF,5,DET,5,59.0,8,59.0,6,7.3,3,14.9,4,6.0,3,0.411,1,9.0,4,0.539,5,0.57,4,4.5,2,5.1,3,0.884,1,0.6,8,3.2,7,3.8,8,1.1,9,2.6,7,0.6,9,0.1,10,2.3,3,1.9,8,21.6,3,17.4,4,0.627,2,0.4,6,0.344,3,2.0,8,11.3,8,6.5,8,13.6,6,0.9,9,0.4,10,11.7,6,25.9,3,3.1,4,0.4,10,3.5,7,0.09,7,2.6,2,-1.8,10,0.8,5,1.4,5,15.2,4,0.144,8,0.214,4,0.169,2,0.073,4,1.2,8,1000.0,8,29.7,3,0.0,8,0.4,6,0.1,7
22,22,68,2023,Devin Booker,5,SG,5,PHO,5,53.0,9,53.0,7,9.9,1,20.1,1,6.0,3,0.351,6,14.2,1,0.554,4,0.546,6,5.8,1,6.8,1,0.855,3,0.9,6,3.7,5,4.5,6,2.0,5,5.5,2,1.0,4,0.3,7,2.7,2,3.0,2,27.8,1,22.0,2,0.601,4,0.296,8,0.336,3,2.7,7,12.0,7,7.2,7,27.3,2,1.4,6,0.9,7,10.6,7,31.8,1,4.2,3,1.9,6,6.0,3,0.157,2,4.5,2,-0.3,6,4.2,2,2.9,2,14.5,6,0.156,8,0.202,6,0.204,1,0.142,1,2.0,7,2000.0,6,14.899999999999999,7,0.0,8,0.29600000000000004,8,0.1,7
23,23,79,2023,Mikal Bridges,5,SF-SG,5,TOT,5,83.0,1,83.0,1,7.1,4,15.3,3,5.3,4,0.382,4,9.9,3,0.514,7,0.535,7,3.8,3,4.3,3,0.895,1,1.0,5,3.4,6,4.4,6,2.2,4,3.3,6,1.1,3,0.7,3,1.5,7,1.9,8,20.1,3,16.8,5,0.587,5,0.349,7,0.279,5,2.9,6,10.8,8,6.8,8,13.7,6,1.5,5,1.8,3,8.2,9,22.6,5,4.4,2,3.1,2,7.5,2,0.121,4,1.5,4,0.2,5,1.7,4,2.8,2,14.5,6,0.17,7,0.176,7,0.227,1,0.078,4,2.8000000000000003,6,3100.0,4,43.4,1,200.0,3,0.3490000000000001,7,0.1,7
24,24,83,2023,Malcolm Brogdon,5,PG,5,BOS,5,67.0,6,0.0,10,5.3,6,10.9,6,4.4,6,0.444,1,6.5,6,0.51,7,0.574,3,2.4,5,2.7,6,0.87,2,0.6,8,3.6,6,4.2,7,2.5,2,3.7,5,0.7,8,0.3,7,1.5,7,1.6,9,14.9,6,18.2,4,0.615,3,0.406,5,0.251,6,2.7,7,14.7,5,8.8,5,21.5,4,1.3,7,0.9,7,10.8,7,22.8,4,3.6,4,2.2,5,5.8,4,0.161,2,2.3,3,0.6,4,2.8,2,2.1,3,14.4,6,0.187,6,0.239,4,0.082,6,0.075,4,0.7000000000000001,9,500.0,9,15.5,7,0.0,8,0.41700000000000004,5,0.1,7
25,25,85,2023,Dillon Brooks,5,SF,5,MEM,5,73.0,4,73.0,2,5.4,6,13.6,4,6.0,3,0.326,8,7.6,5,0.451,10,0.468,10,1.6,7,2.1,7,0.779,7,0.6,8,2.7,9,3.3,9,1.9,6,2.6,7,0.9,5,0.2,9,1.4,7,3.3,1,14.3,6,9.4,10,0.494,10,0.443,4,0.155,9,2.2,8,9.5,9,5.8,9,11.7,7,1.4,6,0.7,8,8.9,9,21.8,5,-0.8,10,2.4,4,1.6,10,0.034,10,-3.4,10,-0.5,7,-3.9,10,-1.1,10,15.8,4,0.157,8,0.19,6,0.138,3,0.072,4,1.2,8,1200.0,7,16.400000000000002,7,200.0,3,0.44300000000000006,4,0.1,7
26,26,86,2023,Bruce Brown,5,SF,5,DEN,5,80.0,1,31.0,9,4.5,7,9.3,7,3.2,8,0.358,6,6.1,7,0.548,5,0.545,6,1.5,8,1.9,8,0.758,7,0.8,6,3.3,7,4.1,7,2.3,3,3.4,5,1.1,3,0.6,4,1.5,7,2.4,5,11.5,8,13.3,8,0.571,7,0.343,7,0.206,8,3.3,6,13.0,6,8.3,6,15.7,6,1.9,2,2.0,3,13.2,4,17.8,7,1.7,7,2.6,3,4.3,6,0.09,7,-1.1,8,0.6,4,-0.5,7,0.9,7,12.0,8,0.262,4,0.266,3,0.086,6,0.032,7,7.6,3,5000.0,3,38.2,2,100.0,5,0.354,7,0.1,7
27,27,88,2023,Jaylen Brown,5,SF,5,BOS,5,67.0,6,67.0,4,10.1,1,20.6,1,7.3,2,0.335,7,13.4,1,0.576,3,0.55,5,3.9,3,5.1,3,0.765,7,1.2,4,5.7,3,6.9,3,1.2,9,3.5,5,1.1,3,0.4,6,2.9,2,2.6,4,26.6,1,19.1,3,0.581,6,0.352,6,0.249,6,3.6,5,17.0,4,10.4,4,16.5,5,1.5,5,0.9,7,11.4,6,31.4,1,1.6,7,3.4,1,5.0,5,0.1,6,1.5,4,-0.2,6,1.3,4,2.0,4,13.6,7,0.237,5,0.203,6,0.101,4,0.093,3,5.2,4,6300.0,2,12.5,8,100.0,5,0.366,6,0.1,7
28,28,94,2023,Troy Brown Jr.,5,SF,5,LAL,5,76.0,3,45.0,8,2.6,10,6.1,10,3.7,7,0.381,4,2.4,10,0.505,8,0.545,6,0.4,10,0.5,10,0.872,2,0.8,6,3.2,7,4.1,7,2.2,4,1.3,10,0.8,7,0.2,9,0.6,10,1.6,9,7.1,10,9.6,10,0.561,8,0.604,2,0.084,10,3.7,5,13.7,5,8.9,5,6.6,9,1.5,5,0.7,8,9.2,8,12.1,10,1.0,8,2.0,6,2.9,8,0.075,8,-1.8,9,0.8,3,-1.0,8,0.5,8,17.5,2,0.166,7,0.148,8,0.032,9,0.049,6,3.0,6,1000.0,8,39.5,2,0.0,8,0.605,2,0.2,3
29,29,95,2023,Jalen Brunson,5,PG,5,NYK,5,68.0,6,68.0,3,8.6,2,17.6,2,4.7,5,0.416,1,12.8,1,0.519,7,0.547,6,4.8,2,5.8,2,0.829,4,0.6,8,3.0,8,3.5,9,3.0,1,6.2,2,0.9,5,0.2,9,2.1,4,2.2,6,24.0,2,21.2,2,0.597,5,0.269,8,0.328,3,1.8,9,9.3,9,5.6,9,28.7,2,1.3,7,0.6,9,9.4,8,27.2,2,6.9,1,1.8,7,8.7,1,0.175,2,4.4,2,-0.5,7,3.9,2,3.5,2,12.9,7,0.149,8,0.331,1,0.172,2,0.079,4,0.2,10,200.0,9,20.5,5,0.0,8,0.26900000000000013,8,0.1,7
30,30,99,2023,Reggie Bullock,5,SF,5,DAL,5,78.0,2,55.0,7,2.5,10,6.0,10,5.1,5,0.38,4,0.9,10,0.562,4,0.569,4,0.3,10,0.5,10,0.703,9,0.4,10,3.2,7,3.6,8,2.8,2,1.4,9,0.7,8,0.2,9,0.5,10,2.1,7,7.2,10,7.7,10,0.577,6,0.845,1,0.079,10,1.6,9,12.5,6,7.0,8,6.2,10,1.1,8,0.5,9,6.9,10,10.0,10,1.3,8,1.4,8,2.8,8,0.056,9,-2.3,10,-0.3,6,-2.6,10,-0.4,10,21.7,1,0.077,10,0.04,10,0.019,10,0.019,9,0.2,10,100.0,10,49.1,1,0.0,8,0.845,1,0.3,1
31,31,103,2023,Jimmy Butler,5,PF,5,MIA,5,64.0,7,64.0,5,7.5,3,13.9,4,1.6,9,0.35,6,12.3,2,0.564,4,0.56,4,7.4,1,8.7,1,0.85,3,2.2,2,3.7,5,5.9,4,3.3,1,5.3,3,1.8,1,0.3,7,1.6,6,1.3,10,22.9,2,27.6,1,0.647,1,0.116,9,0.625,1,7.5,2,13.3,6,10.3,4,27.1,2,2.7,1,1.0,7,8.2,9,25.6,3,9.4,1,2.9,2,12.3,1,0.277,1,6.7,1,2.0,1,8.7,1,5.8,1,8.3,9,0.314,2,0.341,1,0.158,2,0.055,5,6.800000000000001,3,5400.0,3,53.400000000000006,1,100.0,5,0.1319999999999999,9,0.1,7
32,32,106,2023,Kentavious Caldwell-Pope,5,SG,5,DEN,5,76.0,3,76.0,1,3.8,9,8.3,8,4.2,6,0.423,1,4.1,9,0.502,8,0.569,4,1.4,8,1.6,9,0.824,5,0.5,9,2.3,10,2.7,10,2.2,4,2.4,7,1.5,1,0.5,4,1.1,9,1.9,8,10.8,8,11.5,9,0.598,4,0.505,3,0.198,8,1.7,9,8.1,10,5.0,10,9.8,8,2.3,1,1.3,5,11.1,6,14.1,10,2.0,6,2.5,4,4.5,5,0.091,7,-1.6,9,0.6,4,-1.0,8,0.6,7,17.3,3,0.136,9,0.114,9,0.081,6,0.155,1,2.4,6,1200.0,7,41.099999999999994,2,100.0,5,0.514,3,0.2,3
33,33,110,2023,Clint Capela,5,C,5,ATL,5,65.0,7,63.0,5,5.4,6,8.2,8,0.0,10,0.0,10,8.2,5,0.654,1,0.653,1,1.2,9,2.0,8,0.603,10,4.0,1,7.1,1,11.0,1,1.1,9,0.9,10,0.7,8,1.2,1,0.8,10,2.1,7,12.0,8,22.1,2,0.656,1,0.002,10,0.244,6,16.1,1,29.4,1,22.7,1,4.7,10,1.2,7,3.9,1,8.3,9,15.7,9,4.9,2,2.4,4,7.2,2,0.201,1,2.3,3,-0.1,6,2.2,3,1.8,4,2.1,10,0.761,1,0.218,4,0.004,10,0.004,10,28.7,1,14400.0,1,0.0,10,100.0,5,0.013000000000000012,10,0.3,1
34,34,113,2023,Wendell Carter Jr.,5,C,5,ORL,5,57.0,9,54.0,7,5.6,6,10.8,6,3.9,7,0.356,6,6.8,6,0.624,2,0.591,2,2.5,5,3.4,5,0.738,8,2.1,2,6.6,2,8.7,2,1.2,9,2.3,7,0.5,10,0.6,4,1.9,5,2.8,3,15.2,5,17.3,4,0.621,3,0.367,6,0.318,4,8.0,2,25.3,1,16.6,2,12.0,7,0.9,9,1.9,3,13.2,4,20.5,6,2.6,5,2.0,6,4.6,5,0.13,4,0.9,5,0.1,5,1.0,5,1.3,5,13.3,7,0.282,3,0.179,7,0.101,4,0.07,4,14.499999999999998,1,8400.0,2,21.8,5,0.0,8,0.3680000000000001,6,0.1,7
35,35,126,2023,Jordan Clarkson,5,SG,5,UTA,5,61.0,8,61.0,6,7.5,3,16.9,3,7.5,2,0.338,7,9.4,3,0.53,6,0.519,8,3.3,4,4.0,4,0.816,5,1.2,4,2.9,8,4.0,7,1.5,7,4.4,4,0.5,10,0.2,9,3.0,2,2.0,8,20.8,3,14.7,7,0.558,8,0.445,4,0.238,6,4.0,4,9.3,9,6.7,8,20.9,4,0.8,10,0.6,9,14.0,3,27.8,2,0.9,8,0.8,10,1.7,10,0.042,10,1.0,5,-2.4,10,-1.4,8,0.3,8,15.7,4,0.109,10,0.301,2,0.13,3,0.016,9,1.6,8,1200.0,7,12.0,8,300.0,2,0.44399999999999995,4,0.2,3
36,36,127,2023,Nic Claxton,5,C,5,BRK,5,76.0,3,76.0,1,5.4,6,7.7,9,0.0,10,0.0,10,7.7,5,0.708,1,0.705,1,1.8,7,3.2,5,0.541,10,2.4,1,6.8,1,9.2,1,1.5,7,1.9,8,0.9,5,2.5,1,1.3,8,2.8,3,12.6,7,20.8,2,0.691,1,0.003,10,0.419,2,9.3,1,25.1,2,17.4,1,9.3,8,1.4,6,7.1,1,12.1,5,15.4,9,5.2,2,4.0,1,9.2,1,0.195,1,0.9,5,2.2,1,3.1,2,2.9,2,2.7,10,0.671,1,0.303,2,0.022,10,0.0,10,34.599999999999994,1,19100.0,1,100.0,1,0.0,8,0.0040000000000000036,10,0.3,1
37,37,129,2023,John Collins,5,PF,5,ATL,5,71.0,5,71.0,3,5.1,6,10.0,7,3.4,7,0.292,9,6.6,6,0.619,2,0.557,5,2.0,6,2.5,6,0.803,6,1.1,4,5.4,3,6.5,3,1.1,9,1.2,10,0.6,9,1.0,2,1.1,9,3.1,2,13.1,7,13.6,7,0.593,5,0.339,7,0.252,6,3.9,5,20.0,3,11.9,3,5.3,10,0.9,9,2.9,2,9.1,9,17.1,8,2.1,6,2.1,5,4.2,6,0.095,6,-1.4,8,0.2,5,-1.3,8,0.4,8,12.0,8,0.29,3,0.207,5,0.109,4,0.045,6,11.3,2,7300.0,2,40.0,2,0.0,8,0.349,7,0.1,7
38,38,132,2023,Mike Conley,5,PG,5,TOT,5,67.0,6,66.0,4,3.9,8,9.1,8,5.2,4,0.385,3,3.9,9,0.486,9,0.539,6,2.1,6,2.5,6,0.834,4,0.5,9,2.2,10,2.7,10,4.5,1,6.7,1,1.1,3,0.2,9,1.5,7,2.1,7,11.9,8,14.7,7,0.583,6,0.575,2,0.277,5,1.8,9,7.9,10,4.9,10,29.4,2,1.7,3,0.6,9,13.1,4,16.3,8,4.1,3,1.4,8,5.5,4,0.13,4,1.0,5,-0.1,6,0.9,5,1.5,5,18.3,1,0.084,10,0.202,6,0.108,4,0.031,7,0.0,10,0.0,10,15.7,7,200.0,3,0.575,2,0.2,3
39,39,139,2023,Torrey Craig,5,PF,5,PHO,5,79.0,2,60.0,6,2.9,10,6.3,10,3.2,8,0.395,2,3.1,10,0.518,7,0.556,5,0.4,10,0.6,10,0.711,9,1.8,2,3.6,6,5.4,4,1.7,6,1.5,9,0.6,9,0.8,2,0.9,10,2.3,5,7.4,10,11.6,9,0.566,7,0.506,3,0.09,10,8.1,2,16.3,4,12.1,3,7.9,9,1.3,7,2.9,2,12.3,5,13.0,10,1.5,7,2.5,4,4.0,6,0.098,6,-1.3,8,0.7,3,-0.6,7,0.7,7,15.0,5,0.266,4,0.138,8,0.062,7,0.028,8,4.3999999999999995,5,1700.0,6,47.4,1,100.0,5,0.506,3,0.2,3
40,40,144,2023,Stephen Curry,5,PG,5,GSW,5,56.0,9,56.0,7,10.0,1,20.2,1,11.4,1,0.427,1,8.8,4,0.579,3,0.614,1,4.6,2,5.0,3,0.915,1,0.7,7,5.4,3,6.1,4,2.0,5,6.3,2,0.9,5,0.4,6,3.2,1,2.1,7,29.4,1,24.1,1,0.656,1,0.564,2,0.248,6,2.3,8,16.8,4,9.7,4,30.0,2,1.3,7,0.9,7,12.5,5,31.0,1,5.8,1,2.0,6,7.8,2,0.192,1,7.5,1,0.1,5,7.5,1,4.7,1,18.8,1,0.107,10,0.191,6,0.063,7,0.076,4,0.0,10,0.0,10,9.700000000000001,9,900.0,1,0.563,2,0.2,3
41,41,146,2023,Anthony Davis,5,C,5,LAL,5,56.0,9,54.0,7,9.7,1,17.2,2,1.3,9,0.257,10,15.9,1,0.589,2,0.573,3,6.2,1,7.9,1,0.784,6,3.5,1,9.1,1,12.5,1,1.2,9,2.6,7,1.1,3,2.0,1,2.2,4,2.6,4,25.9,1,27.8,1,0.627,2,0.077,10,0.462,1,11.3,1,27.6,1,19.7,1,13.0,7,1.5,5,5.1,1,9.5,8,28.4,2,5.5,1,3.4,1,9.0,1,0.226,1,4.6,2,1.7,1,6.3,1,4.0,1,8.2,9,0.348,2,0.323,1,0.134,3,0.117,2,15.6,1,13800.0,1,14.899999999999999,7,0.0,8,0.07799999999999996,10,0.1,7
42,42,155,2023,DeMar DeRozan,5,SF,5,CHI,5,74.0,4,74.0,2,8.9,2,17.6,2,1.9,9,0.324,8,15.7,1,0.526,6,0.522,8,6.2,1,7.1,1,0.872,2,0.5,9,4.2,4,4.6,6,2.4,3,5.1,3,1.1,3,0.5,4,2.1,4,2.5,4,24.5,2,20.6,2,0.592,5,0.109,9,0.401,2,1.5,10,12.8,6,7.2,7,22.3,4,1.5,5,1.3,5,9.1,9,27.8,2,5.4,1,3.2,1,8.5,1,0.153,2,1.7,3,0.3,5,2.0,3,2.6,2,13.7,7,0.165,7,0.125,9,0.263,1,0.338,1,2.3,7,2900.0,5,31.0,3,100.0,5,0.10899999999999999,10,0.1,7
43,43,162,2023,Spencer Dinwiddie,5,SG-PG,5,TOT,5,79.0,2,79.0,1,5.8,5,13.3,4,6.2,3,0.369,5,7.1,6,0.498,8,0.524,7,3.4,4,4.2,4,0.812,5,0.4,10,3.1,8,3.4,9,3.6,1,6.5,1,0.8,7,0.3,7,1.8,5,2.4,5,17.3,4,16.0,5,0.573,6,0.467,3,0.314,4,1.2,10,10.2,9,5.7,9,28.1,2,1.2,7,0.8,8,10.8,7,22.1,5,4.5,2,1.8,7,6.3,3,0.111,5,1.6,3,-0.9,8,0.7,5,1.8,4,15.7,4,0.186,6,0.206,5,0.092,5,0.05,6,2.1,7,1700.0,6,18.2,6,100.0,5,0.46599999999999997,3,0.1,7
44,44,165,2023,Donte DiVincenzo,5,SG,5,GSW,5,72.0,4,36.0,9,3.3,10,7.5,9,5.3,4,0.397,2,2.3,10,0.525,6,0.574,3,0.8,10,1.0,10,0.817,5,1.1,4,3.4,6,4.5,6,2.2,4,3.5,5,1.3,2,0.1,10,1.6,6,1.8,9,9.4,9,12.8,8,0.593,5,0.7,1,0.131,10,4.7,4,14.0,5,9.4,5,17.3,5,2.4,1,0.5,9,16.4,1,15.1,9,1.9,6,2.3,4,4.2,6,0.106,5,-0.6,7,1.3,2,0.7,5,1.3,5,19.7,1,0.124,9,0.131,9,0.026,9,0.019,9,1.7000000000000002,7,900.0,8,22.8,5,100.0,5,0.7,1,0.3,1
45,45,166,2023,Luka Dončić,5,PG,5,DAL,5,66.0,7,66.0,4,10.9,1,22.0,1,8.2,1,0.342,7,13.8,1,0.588,3,0.56,4,7.8,1,10.5,1,0.742,8,0.8,6,7.8,1,8.6,2,2.2,4,8.0,1,1.4,2,0.5,4,3.6,1,2.5,4,32.4,1,28.7,1,0.609,3,0.373,6,0.479,1,2.6,7,25.4,1,13.8,2,42.3,1,1.9,2,1.2,6,11.9,5,37.6,1,7.3,1,2.9,2,10.2,1,0.204,1,7.6,1,1.4,2,8.9,1,6.6,1,14.7,5,0.176,7,0.252,3,0.145,2,0.054,6,1.0,8,1200.0,7,4.1000000000000005,10,800.0,1,0.373,6,0.1,7
46,46,168,2023,Luguentz Dort,5,SF,5,OKC,5,74.0,4,73.0,2,4.6,7,11.8,5,5.5,4,0.33,8,6.3,7,0.44,10,0.466,10,2.7,5,3.5,4,0.772,7,1.7,3,2.9,8,4.6,6,1.8,6,2.1,8,1.0,4,0.3,7,1.2,8,3.3,1,13.7,6,11.3,9,0.513,10,0.468,3,0.297,4,5.9,3,10.4,8,8.1,6,9.2,8,1.6,4,0.9,7,8.5,9,19.8,6,0.9,8,2.1,5,2.9,8,0.062,8,-2.0,9,-1.0,9,-3.0,10,-0.6,10,14.2,6,0.301,3,0.174,7,0.032,9,0.024,8,4.0,5,2900.0,5,23.200000000000003,4,100.0,5,0.469,3,0.2,3
47,47,169,2023,Ayo Dosunmu,5,SG,5,CHI,5,80.0,1,51.0,7,3.5,9,7.1,9,2.4,9,0.312,9,4.8,8,0.583,3,0.545,6,0.8,10,1.0,10,0.805,6,0.6,8,2.2,10,2.8,10,2.2,4,2.6,7,0.8,7,0.3,7,1.2,8,2.3,5,8.6,10,10.2,10,0.567,7,0.332,7,0.144,9,2.5,7,9.3,9,5.9,9,13.2,7,1.4,6,1.2,6,14.0,3,14.9,9,0.7,9,2.2,5,2.9,8,0.067,8,-3.0,10,0.6,4,-2.5,9,-0.2,9,11.2,8,0.411,2,0.147,8,0.07,7,0.04,6,1.7999999999999998,7,900.0,8,46.6,1,0.0,8,0.3320000000000001,7,0.1,7
48,48,180,2023,Kevin Durant,5,PF,5,TOT,5,47.0,10,47.0,8,10.3,1,18.3,2,4.9,5,0.404,2,13.4,1,0.617,2,0.614,1,6.5,1,7.1,1,0.919,1,0.4,10,6.3,2,6.7,3,1.5,7,5.0,3,0.7,8,1.4,1,3.3,1,2.1,7,29.1,1,25.9,1,0.677,1,0.267,8,0.387,2,1.2,10,19.5,3,10.5,4,24.5,3,1.0,9,3.4,1,13.4,3,30.7,1,4.7,2,2.1,5,6.8,3,0.194,1,6.0,1,1.2,2,7.1,1,3.9,1,15.1,5,0.11,10,0.162,8,0.292,1,0.168,1,4.3999999999999995,5,3700.0,4,7.8,9,0.0,8,0.2679999999999999,8,0.1,7
49,49,183,2023,Jalen Duren,5,C,5,DET,5,67.0,6,31.0,9,3.9,8,5.9,10,0.0,10,0.0,10,5.9,7,0.652,1,0.648,1,1.4,8,2.3,7,0.611,10,3.4,1,5.5,3,8.9,2,0.8,10,1.1,10,0.7,8,0.9,2,1.4,7,2.7,3,9.1,9,17.3,4,0.655,1,0.005,10,0.394,2,14.7,1,25.1,2,19.7,1,6.8,9,1.3,7,3.1,1,16.5,1,14.3,9,2.9,5,1.6,7,4.5,5,0.129,4,-0.4,7,-0.4,7,-0.8,7,0.5,8,3.3,10,0.606,1,0.339,1,0.048,8,0.003,10,41.199999999999996,1,15300.0,1,50.0,1,0.0,8,0.0039999999999998925,10,0.2,3
50,50,185,2023,Anthony Edwards,5,SG,5,MIN,5,79.0,2,79.0,1,8.9,2,19.5,1,7.3,2,0.369,5,12.2,2,0.513,7,0.528,7,4.0,3,5.3,2,0.756,8,0.6,8,5.2,3,5.8,4,1.3,8,4.4,4,1.6,1,0.7,3,3.3,1,2.4,5,24.6,2,17.4,4,0.564,7,0.375,6,0.274,5,1.9,8,15.9,4,9.0,5,19.3,4,2.1,2,1.8,3,13.0,4,29.9,1,0.2,10,3.6,1,3.8,6,0.064,8,1.0,5,0.0,6,1.0,5,2.1,3,13.9,6,0.295,3,0.154,8,0.075,7,0.102,3,4.3999999999999995,5,5900.0,3,9.700000000000001,9,300.0,2,0.3740000000000001,6,0.1,7
51,51,191,2023,Joel Embiid,5,C,5,PHI,5,66.0,7,66.0,4,11.0,1,20.1,1,3.0,8,0.33,8,17.1,1,0.587,3,0.573,3,10.0,1,11.7,1,0.857,3,1.7,3,8.4,1,10.2,1,1.2,9,4.2,4,1.0,4,1.7,1,3.4,1,3.1,2,33.1,1,31.4,1,0.655,1,0.151,9,0.581,1,5.9,3,28.3,1,17.3,2,22.9,3,1.4,6,4.6,1,11.9,5,37.0,1,8.4,1,3.9,1,12.3,1,0.259,1,6.8,1,2.3,1,9.2,1,6.4,1,11.2,8,0.269,4,0.196,6,0.242,1,0.133,1,6.5,3,7400.0,2,4.0,10,400.0,1,0.15999999999999992,9,0.1,7
52,52,196,2023,Dorian Finney-Smith,5,PF,5,TOT,5,66.0,7,66.0,4,3.0,10,7.6,9,5.1,5,0.337,7,2.5,10,0.503,8,0.505,9,0.7,10,0.9,10,0.763,7,1.7,3,3.1,8,4.8,5,1.7,6,1.5,9,0.8,7,0.5,4,0.9,10,2.2,6,8.3,10,9.2,10,0.523,10,0.675,1,0.118,10,6.5,2,11.5,7,9.0,5,6.7,9,1.4,6,1.6,4,10.5,7,13.2,10,0.6,9,1.6,7,2.1,9,0.051,9,-1.7,9,-0.3,6,-2.0,9,0.0,9,17.8,2,0.218,5,0.088,10,0.012,10,0.008,10,8.4,3,3300.0,4,38.2,2,200.0,3,0.6739999999999999,1,0.2,3
53,53,205,2023,De'Aaron Fox,5,PG,5,SAC,5,73.0,4,73.0,2,9.3,1,18.2,2,5.0,5,0.324,8,13.2,1,0.584,3,0.557,5,4.7,2,6.0,2,0.78,6,0.5,9,3.6,6,4.2,7,2.4,3,6.1,2,1.1,3,0.3,7,2.5,3,2.4,5,25.0,2,21.8,2,0.599,4,0.276,8,0.331,3,1.9,8,12.4,6,7.2,7,29.6,2,1.6,4,0.8,8,10.6,7,30.1,1,5.5,1,1.8,7,7.4,2,0.146,3,3.4,2,-0.9,8,2.5,3,2.7,2,13.5,7,0.171,7,0.251,3,0.194,1,0.108,2,3.3000000000000003,5,4100.0,4,12.8,8,0.0,8,0.2759999999999999,8,0.1,7
54,54,206,2023,Markelle Fultz,5,PG,5,ORL,5,60.0,8,60.0,6,5.8,5,11.3,6,1.5,9,0.31,9,9.9,3,0.544,5,0.534,7,1.9,7,2.4,7,0.783,6,1.2,4,2.8,8,3.9,8,2.5,2,5.7,2,1.5,1,0.4,6,2.3,3,2.2,6,14.0,6,16.6,5,0.564,7,0.128,9,0.211,7,4.4,4,10.5,8,7.4,7,29.8,2,2.4,1,1.4,5,15.8,2,21.3,5,1.7,7,2.0,6,3.7,7,0.1,6,-0.1,7,0.7,3,0.5,6,1.2,6,9.8,9,0.299,3,0.28,2,0.178,2,0.115,2,5.4,4,3000.0,4,36.8,2,200.0,3,0.1280000000000001,9,0.1,7
55,55,209,2023,Darius Garland,5,PG,5,CLE,5,69.0,5,69.0,3,7.6,3,16.4,3,6.0,3,0.41,1,10.4,3,0.492,9,0.537,6,4.0,3,4.7,3,0.863,3,0.4,10,2.3,10,2.7,10,2.7,2,7.8,1,1.2,2,0.1,10,2.9,2,2.1,7,21.6,3,18.8,3,0.587,5,0.365,6,0.284,4,1.3,10,7.6,10,4.5,10,34.1,1,1.7,3,0.3,10,13.5,3,26.9,3,4.5,2,3.0,2,7.6,2,0.148,3,3.2,2,-0.7,8,2.4,3,2.7,2,14.8,5,0.17,7,0.226,4,0.128,3,0.102,3,0.4,9,400.0,9,8.7,9,100.0,5,0.374,6,0.1,7
56,56,214,2023,Paul George,5,SF,5,LAC,5,56.0,9,56.0,7,8.2,2,17.9,2,7.6,1,0.371,5,10.3,3,0.521,7,0.536,7,4.6,2,5.3,2,0.871,2,0.8,6,5.3,3,6.1,4,1.6,7,5.1,3,1.5,1,0.4,6,3.1,2,2.8,3,23.8,2,19.6,3,0.588,5,0.424,5,0.293,4,2.6,7,17.0,4,9.9,4,24.2,3,2.1,2,0.9,7,13.4,3,29.5,2,2.3,6,2.3,4,4.6,5,0.114,5,2.4,3,0.3,5,2.8,2,2.3,3,16.7,3,0.145,8,0.14,8,0.132,3,0.157,1,4.2,5,3600.0,4,13.4,7,400.0,1,0.42599999999999993,4,0.1,7
57,57,216,2023,Josh Giddey,5,PF,5,OKC,5,76.0,3,76.0,1,7.1,4,14.7,4,3.1,8,0.325,8,11.6,2,0.524,6,0.516,8,1.4,8,1.9,8,0.731,9,1.9,2,5.9,2,7.9,2,2.2,4,6.2,2,0.8,7,0.4,6,2.8,2,1.9,8,16.6,5,17.1,4,0.533,9,0.209,9,0.13,10,6.6,2,20.9,2,13.6,2,29.9,2,1.1,8,1.2,6,15.1,2,24.6,4,1.3,8,2.7,3,4.0,6,0.081,8,1.5,4,-0.3,6,1.2,4,1.9,4,9.6,9,0.301,3,0.381,1,0.089,5,0.021,8,1.0999999999999999,8,1200.0,7,12.8,8,100.0,5,0.20800000000000007,9,0.1,7
58,58,217,2023,Shai Gilgeous-Alexander,5,PG,5,OKC,5,68.0,6,68.0,3,10.4,1,20.3,1,2.5,8,0.345,7,17.8,1,0.533,6,0.531,7,9.8,1,10.9,1,0.905,1,0.9,6,4.0,5,4.8,5,2.0,5,5.5,2,1.6,1,1.0,2,2.8,2,2.8,3,31.4,1,27.2,1,0.626,2,0.122,9,0.535,1,2.6,7,12.2,7,7.3,7,25.7,3,2.2,1,2.5,2,10.1,8,32.8,1,8.4,1,3.0,2,11.4,1,0.226,1,5.7,1,1.5,1,7.3,1,5.6,1,9.8,9,0.283,3,0.276,2,0.246,1,0.073,4,3.9,5,5000.0,3,10.100000000000001,9,100.0,5,0.12200000000000011,9,0.1,7
59,59,220,2023,Rudy Gobert,5,C,5,MIN,5,70.0,5,70.0,3,5.1,6,7.8,9,0.0,10,0.0,10,7.8,5,0.663,1,0.659,1,3.1,4,4.9,3,0.644,10,3.3,1,8.3,1,11.6,1,0.7,10,1.2,10,0.8,7,1.4,1,1.7,6,3.0,2,13.4,7,18.9,3,0.675,1,0.005,10,0.623,1,12.2,1,29.8,1,21.2,1,5.6,10,1.2,7,3.9,1,14.9,2,16.3,8,4.3,3,3.5,1,7.8,2,0.174,2,0.0,6,0.7,3,0.7,5,1.4,5,2.5,10,0.778,1,0.19,6,0.022,10,0.004,10,38.800000000000004,1,20000.0,1,0.0,10,200.0,3,0.006000000000000005,10,0.3,1
60,60,222,2023,Aaron Gordon,5,PF,5,DEN,5,68.0,6,68.0,3,6.3,5,11.2,6,2.5,8,0.347,6,8.6,4,0.628,2,0.603,2,2.8,4,4.6,3,0.608,10,2.4,1,4.1,5,6.6,3,2.1,5,3.0,6,0.8,7,0.8,2,1.4,7,1.9,8,16.3,5,19.5,3,0.617,3,0.227,9,0.413,2,9.4,1,15.4,4,12.5,3,14.2,6,1.3,7,2.2,2,9.8,8,21.1,5,4.6,2,2.2,5,6.8,3,0.158,2,2.4,3,-0.3,6,2.1,3,2.1,3,8.8,9,0.481,1,0.18,7,0.063,7,0.035,7,26.0,1,17800.0,1,31.2,3,400.0,1,0.241,9,0.2,3
61,61,223,2023,Eric Gordon,5,SG,5,TOT,5,69.0,5,58.0,6,4.2,8,9.5,7,5.2,4,0.371,5,4.3,9,0.535,5,0.547,6,2.1,6,2.5,6,0.821,5,0.2,10,1.7,10,1.9,10,1.8,6,2.7,7,0.6,9,0.4,6,1.5,7,1.1,10,12.4,7,11.8,8,0.587,5,0.545,2,0.265,5,0.9,10,6.7,10,3.8,10,13.4,6,1.1,8,1.2,6,12.5,5,17.8,7,1.8,6,0.5,10,2.3,9,0.056,9,-0.5,7,-1.4,10,-1.9,9,0.1,9,17.2,3,0.164,7,0.243,4,0.041,9,0.006,10,0.2,10,100.0,10,8.4,9,100.0,5,0.546,2,0.2,3
62,62,229,2023,Jerami Grant,5,PF,5,POR,5,63.0,7,63.0,5,6.9,4,14.5,4,5.7,4,0.401,2,8.8,4,0.523,6,0.554,5,4.4,2,5.4,2,0.813,5,0.8,6,3.7,5,4.5,6,1.3,8,2.4,7,0.8,7,0.8,2,1.8,5,2.4,5,20.5,3,16.0,5,0.606,4,0.393,6,0.375,2,2.7,7,11.9,7,7.2,7,10.3,8,1.1,8,2.1,3,9.8,8,22.8,4,3.1,4,1.0,9,4.1,6,0.087,7,1.2,4,-1.4,10,-0.2,7,1.0,6,13.9,6,0.264,4,0.141,8,0.085,6,0.103,2,8.3,3,7000.0,2,35.699999999999996,2,0.0,8,0.4069999999999999,5,0.1,7
63,63,235,2023,Draymond Green,5,PF,5,GSW,5,73.0,4,73.0,2,3.4,9,6.5,10,1.8,9,0.305,9,4.7,8,0.612,2,0.57,4,1.1,9,1.5,9,0.713,9,0.9,6,6.3,2,7.2,3,2.4,3,6.8,1,1.0,4,0.8,2,2.8,2,3.1,2,8.5,10,12.2,8,0.592,5,0.276,8,0.228,7,3.2,6,21.6,2,12.6,3,27.8,2,1.5,5,2.3,2,28.1,1,13.2,10,1.6,7,3.1,2,4.7,5,0.098,6,-1.8,9,2.6,1,0.8,5,1.6,5,10.3,9,0.297,3,0.363,1,0.04,9,0.023,8,5.1,4,2100.0,6,29.799999999999997,3,200.0,3,0.277,8,0.1,7
64,64,236,2023,Jalen Green,5,SG,5,HOU,5,76.0,3,76.0,1,7.4,3,17.9,2,7.3,2,0.338,7,10.6,3,0.471,10,0.485,10,4.8,2,6.1,2,0.786,6,0.6,8,3.2,7,3.7,8,1.4,8,3.7,5,0.8,7,0.2,9,2.6,3,1.7,9,22.1,2,14.5,7,0.538,9,0.408,5,0.341,3,1.8,9,10.3,9,6.0,9,17.3,5,1.1,8,0.7,8,11.3,6,28.1,2,1.4,7,0.5,10,1.8,9,0.034,10,0.5,6,-2.6,10,-2.1,9,0.0,9,15.2,4,0.202,6,0.212,5,0.079,6,0.1,3,4.6,4,5300.0,3,12.8,8,400.0,1,0.4069999999999999,5,0.1,7
65,65,241,2023,Josh Green,5,SG,5,DAL,5,60.0,8,21.0,10,3.4,9,6.4,10,2.8,8,0.402,2,3.6,9,0.643,1,0.626,1,1.1,9,1.6,9,0.723,9,0.9,6,2.1,10,3.0,9,1.4,8,1.7,8,0.7,8,0.1,10,1.2,8,2.6,4,9.1,9,11.2,9,0.645,2,0.442,4,0.246,6,4.1,4,9.7,9,6.9,8,9.7,8,1.4,6,0.3,10,14.5,3,14.6,9,1.7,7,0.9,9,2.6,8,0.082,7,-1.9,9,-0.6,7,-2.4,9,-0.2,9,13.1,7,0.285,3,0.199,6,0.06,8,0.013,9,6.800000000000001,3,2500.0,5,69.8,1,200.0,3,0.44299999999999995,4,0.2,3
66,66,244,2023,Quentin Grimes,5,SG,5,NYK,5,71.0,5,66.0,4,4.0,8,8.5,8,5.7,4,0.386,3,2.7,10,0.641,1,0.599,2,1.1,9,1.4,9,0.796,6,0.7,7,2.5,9,3.2,9,2.1,5,2.1,8,0.7,8,0.4,6,1.0,9,2.5,4,11.3,8,11.7,9,0.619,3,0.676,1,0.163,8,2.5,7,9.4,9,5.9,9,9.7,8,1.1,8,1.2,6,9.7,8,14.4,9,3.2,4,1.6,7,4.8,5,0.108,5,-0.3,7,0.1,5,-0.1,7,1.0,6,17.9,2,0.248,4,0.047,10,0.018,10,0.012,9,4.3,5,2400.0,5,32.7,3,0.0,8,0.675,1,0.3,1
67,67,248,2023,Tyrese Haliburton,5,PG,5,IND,5,56.0,9,56.0,7,7.4,3,15.0,3,7.2,2,0.4,2,7.8,5,0.572,3,0.586,2,3.1,4,3.6,4,0.871,2,0.6,8,3.1,8,3.7,8,4.2,1,10.4,1,1.6,1,0.4,6,2.5,3,1.2,10,20.7,3,23.6,1,0.624,2,0.478,3,0.239,6,1.9,8,10.1,9,6.0,9,47.6,1,2.3,1,1.1,6,13.2,4,23.8,4,6.4,1,1.2,9,7.6,2,0.195,1,7.0,1,0.2,5,7.2,1,4.4,1,15.8,4,0.209,5,0.163,7,0.092,5,0.048,6,2.0,7,1700.0,6,9.2,9,600.0,1,0.488,3,0.2,3
68,68,253,2023,Tim Hardaway Jr.,5,SF,5,DAL,5,71.0,5,45.0,8,4.8,7,11.9,5,7.7,1,0.385,3,4.2,9,0.431,10,0.527,7,1.8,7,2.3,7,0.77,7,0.3,10,3.2,7,3.5,9,2.2,4,1.8,8,0.7,8,0.2,9,0.8,10,1.7,9,14.4,6,12.1,8,0.554,8,0.649,1,0.195,8,1.1,10,12.6,6,6.8,8,9.0,8,1.1,8,0.5,9,6.1,10,20.6,6,1.0,8,1.3,8,2.3,9,0.051,9,-0.3,7,-1.5,10,-1.8,9,0.1,9,19.7,1,0.109,10,0.093,10,0.09,5,0.059,5,1.4000000000000001,8,900.0,8,27.1,4,400.0,1,0.649,1,0.2,3
69,69,254,2023,James Harden,5,PG,5,PHI,5,58.0,9,58.0,6,6.4,4,14.5,4,7.2,2,0.385,3,7.3,6,0.495,8,0.536,7,5.4,1,6.2,1,0.867,2,0.7,7,5.4,3,6.1,4,3.1,1,10.7,1,1.2,2,0.5,4,3.4,1,1.9,8,21.0,3,21.6,2,0.607,4,0.496,3,0.429,2,2.3,8,17.1,3,9.8,4,43.3,1,1.6,4,1.4,5,16.3,1,25.0,4,5.8,1,2.6,3,8.4,1,0.188,1,5.1,1,0.3,5,5.4,1,4.0,1,16.4,3,0.162,7,0.188,7,0.106,4,0.043,6,0.1,10,100.0,10,5.0,10,0.0,8,0.5010000000000001,3,0.2,3
70,70,258,2023,Gary Harris,5,SG,5,ORL,5,48.0,10,42.0,8,2.9,10,6.4,10,4.5,6,0.431,1,1.9,10,0.494,9,0.603,2,0.6,10,0.6,10,0.9,1,0.4,10,1.6,10,2.0,10,2.0,5,1.2,10,0.9,5,0.3,7,0.6,10,1.9,8,8.3,10,10.5,10,0.62,3,0.71,1,0.098,10,2.0,8,7.4,10,4.7,10,6.9,9,1.8,3,1.0,7,8.0,10,12.6,10,1.3,8,1.1,9,2.3,9,0.095,6,-1.4,8,0.7,3,-0.7,7,0.4,8,19.4,1,0.143,8,0.091,10,0.016,10,0.039,7,1.0,8,200.0,9,41.699999999999996,1,0.0,8,0.7110000000000001,1,0.3,1
71,71,261,2023,Tobias Harris,5,SF,5,PHI,5,74.0,4,74.0,2,5.7,5,11.4,6,4.4,6,0.389,3,7.0,6,0.57,4,0.575,3,1.5,8,1.7,8,0.876,2,0.9,6,4.8,4,5.7,4,2.1,5,2.5,7,0.9,5,0.5,4,1.2,8,2.0,8,14.7,6,14.8,6,0.602,4,0.383,6,0.153,9,3.3,6,17.0,4,10.3,4,11.4,7,1.4,6,1.5,4,9.0,9,18.2,7,3.1,4,2.8,3,5.9,4,0.116,5,0.6,6,0.1,5,0.7,5,1.7,4,13.2,7,0.26,4,0.22,4,0.102,4,0.034,7,7.000000000000001,3,5100.0,3,38.9,2,0.0,8,0.384,6,0.1,7
72,72,263,2023,Josh Hart,5,SF,5,TOT,5,76.0,3,52.0,7,3.6,9,6.8,9,2.2,9,0.372,4,4.7,8,0.601,2,0.588,2,1.7,7,2.3,7,0.75,8,1.9,2,5.9,2,7.8,2,2.5,2,3.8,5,1.2,2,0.3,7,1.5,7,2.6,4,9.8,9,14.1,7,0.622,2,0.315,7,0.338,3,6.5,2,21.0,2,13.7,2,16.1,5,1.8,3,0.8,8,16.4,1,12.6,10,3.8,3,2.2,5,6.0,3,0.118,5,-0.2,7,1.1,2,0.9,5,1.8,4,10.6,9,0.444,1,0.15,8,0.065,7,0.025,8,1.9,7,1000.0,8,41.5,2,0.0,8,0.31599999999999995,7,0.2,3
73,73,271,2023,Killian Hayes,5,PG,5,DET,5,76.0,3,56.0,7,4.0,8,10.7,6,3.8,7,0.28,10,7.0,6,0.429,10,0.426,10,1.2,9,1.5,9,0.821,5,0.4,10,2.5,9,2.9,10,2.7,2,6.2,2,1.4,2,0.4,6,2.3,3,2.9,2,10.3,8,10.2,10,0.455,10,0.351,7,0.137,9,1.4,10,10.2,9,5.7,9,32.3,1,2.3,1,1.1,6,16.7,1,20.5,6,-1.9,10,1.4,8,-0.5,10,-0.012,10,-3.3,10,-0.5,7,-3.8,10,-1.0,10,15.7,4,0.086,10,0.216,4,0.236,1,0.112,2,1.7000000000000002,7,1300.0,7,25.900000000000002,4,0.0,8,0.35,7,0.1,7
74,74,272,2023,Gordon Hayward,5,SF,5,CHO,5,50.0,9,50.0,7,5.5,6,11.6,5,3.2,8,0.325,8,8.4,5,0.532,6,0.52,8,2.6,5,3.2,5,0.811,5,0.7,7,3.6,6,4.3,6,2.0,5,4.1,4,0.8,7,0.2,9,2.0,4,1.4,10,14.7,6,13.5,7,0.563,8,0.275,8,0.274,5,2.2,8,12.6,6,7.3,7,19.3,4,1.3,7,0.7,8,13.2,4,20.0,6,0.8,9,1.1,9,2.0,9,0.059,9,-1.1,8,-0.3,6,-1.4,8,0.2,9,14.4,6,0.16,7,0.201,6,0.191,1,0.172,1,2.8000000000000003,6,1600.0,7,23.1,5,0.0,8,0.276,8,0.0,10
75,75,275,2023,Tyler Herro,5,SG,5,MIA,5,67.0,6,67.0,4,7.3,3,16.6,3,8.0,1,0.378,4,8.5,4,0.497,8,0.531,7,2.5,5,2.7,6,0.934,1,0.4,10,5.0,4,5.4,4,1.8,6,4.2,4,0.8,7,0.2,9,2.4,3,1.5,10,20.1,3,15.3,6,0.566,7,0.484,3,0.164,8,1.3,10,17.3,3,9.0,5,19.9,4,1.1,8,0.7,8,11.7,6,25.6,3,1.1,8,2.4,4,3.5,7,0.072,8,1.5,4,-0.8,8,0.6,6,1.6,5,17.1,3,0.093,10,0.189,6,0.152,2,0.076,4,1.2,8,1300.0,7,16.8,6,200.0,3,0.49,3,0.2,3
76,76,276,2023,Buddy Hield,5,SF,5,IND,5,80.0,1,73.0,2,5.9,5,13.0,5,8.5,1,0.425,1,4.5,9,0.518,7,0.596,2,1.3,8,1.6,9,0.822,5,0.8,6,4.2,4,5.0,5,1.6,7,2.8,6,1.2,2,0.3,7,1.7,6,2.0,8,16.8,5,15.4,6,0.614,3,0.652,1,0.124,10,3.0,6,14.9,5,8.9,5,13.3,6,1.8,3,0.9,7,11.3,6,20.8,6,2.7,5,1.6,7,4.4,5,0.085,7,2.5,2,-0.6,7,1.9,3,2.4,3,19.2,1,0.151,8,0.084,10,0.044,9,0.066,5,1.2,8,1200.0,7,16.7,6,100.0,5,0.655,1,0.2,3
77,77,283,2023,Jrue Holiday,5,PG,5,MIL,5,67.0,6,65.0,5,7.3,3,15.3,3,6.1,3,0.384,3,9.1,4,0.542,5,0.556,5,2.3,6,2.6,6,0.859,3,1.2,4,3.9,5,5.1,5,2.6,2,7.4,1,1.2,2,0.4,6,2.9,2,1.7,9,19.3,4,19.2,3,0.586,5,0.402,5,0.173,8,3.9,5,12.0,7,8.1,6,34.4,1,1.7,3,0.9,7,15.2,2,25.0,4,3.9,3,2.8,3,6.7,3,0.148,3,3.0,2,0.1,5,3.1,2,2.8,2,15.3,4,0.194,6,0.216,4,0.096,5,0.093,3,0.7000000000000001,9,600.0,8,11.700000000000001,8,400.0,1,0.401,6,0.1,7
78,78,288,2023,Al Horford,5,C,5,BOS,5,63.0,7,63.0,5,3.6,9,7.6,9,5.2,4,0.446,1,2.4,10,0.539,5,0.627,1,0.2,10,0.3,10,0.714,9,1.2,4,5.0,4,6.2,4,5.0,1,3.0,6,0.5,10,1.0,2,0.6,10,1.9,8,9.8,9,13.8,7,0.631,2,0.678,1,0.044,10,4.2,4,17.7,3,11.1,3,13.2,7,0.8,10,2.7,2,7.0,10,11.9,10,3.6,4,2.7,3,6.3,3,0.157,2,1.6,3,1.7,1,3.3,2,2.5,3,18.8,1,0.14,9,0.123,9,0.038,9,0.021,8,2.3,7,1100.0,8,37.8,2,0.0,8,0.6779999999999999,1,0.2,3
79,79,294,2023,Kevin Huerter,5,SG,5,SAC,5,75.0,3,75.0,2,5.6,6,11.5,6,6.8,2,0.402,2,4.7,8,0.604,2,0.603,2,1.3,8,1.7,8,0.725,9,0.6,8,2.8,8,3.3,9,2.2,4,2.9,6,1.1,3,0.3,7,1.3,8,2.4,5,15.2,5,15.2,6,0.617,3,0.589,2,0.151,9,2.2,8,10.8,8,6.5,8,14.1,6,1.7,3,1.0,7,9.5,8,19.9,6,3.3,4,1.7,7,4.9,5,0.107,5,1.4,4,-0.3,6,1.0,5,1.7,4,17.8,2,0.135,9,0.141,8,0.087,6,0.042,6,1.4000000000000001,8,1100.0,8,14.899999999999999,7,0.0,8,0.595,2,0.2,3
80,80,296,2023,De'Andre Hunter,5,SF,5,ATL,5,67.0,6,67.0,4,5.7,5,12.3,5,4.3,6,0.35,6,8.0,5,0.521,7,0.522,8,2.6,5,3.1,5,0.826,5,0.7,7,3.6,6,4.2,7,1.2,9,1.4,9,0.5,10,0.3,7,1.2,8,3.0,2,15.4,5,11.5,9,0.563,8,0.348,7,0.252,6,2.3,8,12.4,6,7.3,7,6.0,10,0.8,10,0.7,8,8.2,9,19.7,6,1.4,7,1.2,9,2.5,8,0.057,9,-1.9,9,-1.4,10,-3.3,10,-0.7,10,14.4,6,0.157,8,0.176,7,0.193,1,0.114,2,4.3999999999999995,5,3200.0,4,40.6,2,0.0,8,0.36,7,0.1,7
81,81,303,2023,Brandon Ingram,5,SF,5,NOP,5,45.0,10,45.0,8,9.0,1,18.6,1,3.6,7,0.39,3,14.9,1,0.507,8,0.522,8,5.3,1,6.0,2,0.882,1,0.5,9,5.0,4,5.5,4,1.8,6,5.8,2,0.7,8,0.4,6,3.3,1,2.6,4,24.7,2,19.2,3,0.582,6,0.196,9,0.326,3,1.7,9,16.4,4,9.1,5,28.1,2,1.0,9,1.2,6,13.4,3,30.8,1,1.8,6,1.7,7,3.5,7,0.108,5,2.2,3,-0.4,7,1.7,4,1.5,5,13.5,7,0.135,9,0.189,6,0.273,1,0.192,1,3.0,6,2200.0,5,6.7,9,0.0,8,0.21100000000000008,9,0.0,10
82,82,304,2023,Kyrie Irving,5,PG-SG,5,TOT,5,60.0,8,60.0,6,9.9,1,20.1,1,8.3,1,0.379,4,11.8,2,0.574,3,0.572,3,4.1,3,4.6,3,0.905,1,1.0,5,4.1,5,5.1,5,2.6,2,5.5,2,1.1,3,0.8,2,2.1,4,2.8,3,27.1,1,22.4,2,0.613,3,0.412,5,0.227,7,3.0,6,12.3,6,7.7,7,25.4,3,1.4,6,1.7,4,8.8,9,28.9,2,5.4,1,2.0,6,7.4,2,0.159,2,4.8,1,-0.7,8,4.1,2,3.5,2,15.8,4,0.16,7,0.182,7,0.155,2,0.091,3,0.2,10,100.0,10,10.7,8,200.0,3,0.41200000000000003,5,0.1,7
83,83,308,2023,Jaden Ivey,5,SG,5,DET,5,74.0,4,73.0,2,5.5,6,13.3,4,4.7,5,0.343,7,8.6,4,0.457,10,0.477,10,3.6,3,4.8,3,0.747,8,1.0,5,2.9,8,3.9,8,1.6,7,5.2,3,0.8,7,0.2,9,3.2,1,3.3,1,16.3,5,12.1,8,0.528,10,0.356,6,0.362,3,3.4,5,10.7,8,6.9,8,26.2,3,1.3,7,0.7,8,17.2,1,25.4,3,-0.9,10,0.8,10,0.0,10,-0.001,10,-1.4,8,-1.9,10,-3.3,10,-0.7,10,13.8,6,0.242,5,0.211,5,0.097,5,0.087,3,3.3000000000000003,5,2800.0,5,11.700000000000001,8,200.0,3,0.3630000000000001,6,0.1,7
84,84,311,2023,Jaren Jackson Jr.,5,C,5,MEM,5,63.0,7,63.0,5,6.6,4,13.0,5,4.5,6,0.355,6,8.6,4,0.585,3,0.567,4,3.8,3,4.9,3,0.788,6,1.7,3,5.0,4,6.8,3,0.6,10,1.0,10,1.0,4,3.0,1,1.7,6,3.6,1,18.6,4,21.6,2,0.613,3,0.343,7,0.372,2,6.4,2,18.8,3,12.6,3,5.0,10,1.7,3,9.6,1,10.1,8,24.7,4,2.8,5,3.8,1,6.6,3,0.177,2,0.7,6,2.0,1,2.8,2,2.2,3,11.4,8,0.304,2,0.319,1,0.028,9,0.006,10,11.200000000000001,2,8300.0,2,20.9,5,300.0,2,0.34299999999999997,7,0.2,3
85,85,314,2023,Reggie Jackson,5,PG,5,TOT,5,68.0,6,40.0,9,3.9,8,9.4,7,4.2,6,0.333,8,5.2,8,0.474,10,0.486,10,1.0,9,1.1,9,0.91,1,0.4,10,1.8,10,2.1,10,2.0,5,3.4,5,0.7,8,0.1,10,1.7,6,1.7,9,10.2,9,10.0,10,0.514,10,0.45,4,0.122,10,1.7,9,8.0,10,4.9,10,20.0,4,1.4,6,0.3,10,14.6,3,20.8,6,-0.6,10,1.2,9,0.6,10,0.018,10,-2.9,10,-1.1,9,-3.9,10,-0.8,10,16.1,3,0.13,9,0.209,5,0.1,5,0.1,3,0.8,9,500.0,9,25.3,4,100.0,5,0.4610000000000001,4,0.1,7
86,86,317,2023,LeBron James,5,PF,5,LAL,5,55.0,9,54.0,7,11.1,1,22.2,1,6.9,2,0.321,8,15.3,1,0.58,3,0.549,6,4.6,2,5.9,2,0.768,7,1.2,4,7.1,1,8.3,2,2.1,5,6.8,1,0.9,5,0.6,4,3.2,1,1.6,9,28.9,1,23.9,1,0.583,6,0.309,8,0.268,5,3.7,5,20.8,3,12.5,3,33.5,1,1.2,7,1.4,5,11.6,6,33.3,1,3.2,4,2.4,4,5.6,4,0.138,4,5.5,1,0.6,4,6.1,1,4.0,1,12.8,7,0.302,2,0.197,6,0.084,6,0.107,2,6.2,3,7400.0,2,8.0,9,0.0,8,0.31000000000000005,8,0.1,7
87,87,322,2023,Cameron Johnson,5,PF,5,TOT,5,42.0,10,41.0,8,5.3,6,11.3,6,6.1,3,0.404,2,5.2,8,0.548,5,0.579,3,2.4,5,2.9,6,0.842,4,0.8,6,3.6,6,4.4,6,2.1,5,1.9,8,1.2,2,0.3,7,0.9,10,2.0,8,15.5,5,17.1,4,0.617,3,0.538,2,0.253,5,3.2,6,14.0,5,8.6,5,9.6,8,2.0,2,1.0,7,6.6,10,20.6,6,2.1,6,1.4,8,3.5,7,0.142,3,2.0,3,0.6,4,2.6,3,1.4,5,17.0,3,0.198,6,0.097,10,0.089,5,0.078,4,4.9,4,2000.0,6,36.1,2,0.0,8,0.538,2,0.2,3
88,88,327,2023,Keldon Johnson,5,SF,5,SAS,5,63.0,7,63.0,5,8.0,2,17.7,2,6.5,3,0.329,8,11.2,2,0.523,6,0.512,9,3.9,3,5.2,2,0.749,8,0.9,6,4.2,4,5.0,5,1.4,8,2.9,6,0.7,8,0.2,9,2.1,4,2.0,8,22.0,2,15.3,6,0.551,8,0.366,6,0.294,4,2.9,6,14.4,5,8.4,6,13.7,6,1.1,8,0.4,10,9.6,8,27.9,2,0.7,9,0.5,10,1.3,10,0.03,10,0.7,6,-2.5,10,-1.8,9,0.1,9,12.7,8,0.27,4,0.27,3,0.08,6,0.014,9,2.1999999999999997,7,2200.0,5,22.6,5,200.0,3,0.366,6,0.1,7
89,89,330,2023,Nikola Jokić,5,C,5,DEN,5,69.0,5,69.0,3,9.4,1,14.8,4,2.2,9,0.383,3,12.7,2,0.675,1,0.66,1,4.9,2,6.0,2,0.822,5,2.4,1,9.4,1,11.8,1,2.7,2,9.8,1,1.3,2,0.7,3,3.6,1,2.5,4,24.5,2,31.5,1,0.701,1,0.146,9,0.406,2,8.5,2,31.3,1,20.2,1,46.6,1,1.8,3,1.8,3,17.0,1,27.2,2,11.2,1,3.8,1,14.9,1,0.308,1,8.5,1,4.5,1,13.0,1,8.8,1,8.6,9,0.303,2,0.414,1,0.092,5,0.038,7,2.1999999999999997,7,2100.0,6,2.7,10,200.0,3,0.15300000000000002,9,0.1,7
90,90,336,2023,Herbert Jones,5,PF,5,NOP,5,66.0,7,66.0,4,3.6,9,7.6,9,2.5,8,0.335,7,5.1,8,0.536,5,0.525,7,1.9,7,2.4,7,0.764,7,1.5,3,2.6,9,4.1,7,1.9,6,2.5,7,1.6,1,0.6,4,1.3,8,3.2,1,9.8,9,12.1,8,0.567,7,0.333,7,0.321,4,5.6,3,10.0,9,7.8,6,11.1,7,2.6,1,2.1,3,13.3,4,14.5,9,1.5,7,2.7,3,4.2,6,0.104,6,-1.9,9,1.7,1,-0.3,7,0.8,7,10.8,8,0.381,2,0.22,4,0.018,10,0.038,7,8.4,3,3700.0,4,50.3,1,100.0,5,0.34299999999999997,7,0.2,3
91,91,338,2023,Tre Jones,5,PG,5,SAS,5,68.0,6,65.0,5,5.0,7,10.9,6,2.3,9,0.285,9,8.6,4,0.506,8,0.489,9,2.2,6,2.5,6,0.86,3,0.8,6,2.8,8,3.6,8,4.1,1,6.6,1,1.3,2,0.1,10,1.6,6,1.4,10,12.9,7,16.0,5,0.534,9,0.213,9,0.231,7,3.0,6,10.8,8,6.7,8,31.5,1,2.1,2,0.4,10,11.8,5,19.3,7,2.6,5,0.8,10,3.4,7,0.082,7,-0.2,7,-0.8,8,-1.0,8,0.5,8,10.7,8,0.276,4,0.262,3,0.21,1,0.039,7,0.4,9,100.0,10,32.300000000000004,3,0.0,8,0.21299999999999997,9,0.1,7
92,92,339,2023,Tyus Jones,5,PG,5,MEM,5,80.0,1,22.0,10,3.9,8,8.9,8,4.1,6,0.371,5,4.8,8,0.495,8,0.523,7,1.0,9,1.3,9,0.8,6,0.4,10,2.2,10,2.5,10,5.8,1,5.2,3,1.0,4,0.1,10,0.9,10,0.4,10,10.3,8,16.0,5,0.546,8,0.459,3,0.141,9,1.5,10,9.4,9,5.5,9,28.8,2,2.0,2,0.3,10,8.9,9,17.7,7,3.4,4,2.3,4,5.7,4,0.141,4,1.2,4,0.3,5,1.6,4,1.7,4,16.6,3,0.085,10,0.182,7,0.235,1,0.039,7,0.0,10,0.0,10,20.200000000000003,5,0.0,8,0.45899999999999996,4,0.1,7
93,93,356,2023,Corey Kispert,5,SF,5,WAS,5,74.0,4,45.0,8,3.9,8,7.9,9,5.2,4,0.424,1,2.7,10,0.637,1,0.637,1,1.0,9,1.2,9,0.852,3,0.4,10,2.4,9,2.8,10,1.7,6,1.2,10,0.4,10,0.1,10,0.7,10,1.3,10,11.1,8,11.5,9,0.657,1,0.656,1,0.15,9,1.8,9,8.9,10,5.5,9,5.7,10,0.7,10,0.4,10,8.1,10,14.1,10,2.9,5,0.9,9,3.8,6,0.088,7,-0.1,7,-1.4,10,-1.5,8,0.2,9,18.8,1,0.179,6,0.125,9,0.029,9,0.01,9,2.9000000000000004,6,1500.0,7,22.400000000000002,5,0.0,8,0.657,1,0.2,3
94,94,357,2023,Maxi Kleber,5,PF,5,DAL,5,37.0,10,5.0,10,2.1,10,4.6,10,3.0,8,0.348,6,1.5,10,0.667,1,0.571,3,0.7,10,1.0,10,0.711,9,0.8,6,2.8,8,3.6,8,2.0,5,1.4,9,0.3,10,0.8,2,0.7,10,2.3,5,5.9,10,8.7,10,0.592,5,0.663,1,0.225,7,3.7,5,13.3,6,8.4,6,7.5,9,0.6,10,2.9,2,12.7,4,10.3,10,0.7,9,0.6,10,1.3,10,0.067,8,-2.2,9,0.0,6,-2.2,9,0.0,9,18.1,2,0.237,5,0.047,10,0.036,9,0.018,9,7.7,3,1100.0,8,27.700000000000003,4,0.0,8,0.662,1,0.2,3
95,95,368,2023,Kyle Kuzma,5,PF,5,WAS,5,64.0,7,64.0,5,8.0,2,17.8,2,7.5,2,0.333,8,10.3,3,0.533,6,0.518,8,2.7,5,3.7,4,0.73,9,0.9,6,6.4,2,7.2,3,1.2,9,3.7,5,0.6,9,0.5,4,3.0,2,2.3,5,21.2,3,14.3,7,0.544,9,0.421,5,0.208,7,2.8,6,19.5,3,11.5,3,16.5,5,0.8,10,1.1,6,13.2,4,27.9,2,-1.0,10,1.9,6,0.9,10,0.019,10,-0.2,7,-1.5,10,-1.7,9,0.2,9,15.2,4,0.186,6,0.263,3,0.082,6,0.048,6,3.5999999999999996,5,3800.0,4,24.3,4,500.0,1,0.42099999999999993,5,0.1,7
96,96,374,2023,Zach LaVine,5,SG,5,CHI,5,77.0,2,77.0,1,8.7,2,18.0,2,7.1,2,0.375,4,11.0,2,0.556,4,0.558,5,4.7,2,5.6,2,0.848,3,0.5,9,3.9,5,4.5,6,1.7,6,4.2,4,0.9,5,0.2,9,2.5,3,2.1,7,24.8,2,19.0,3,0.607,4,0.392,6,0.308,4,1.7,9,12.2,7,7.1,7,18.7,5,1.2,7,0.6,9,11.0,6,28.3,2,4.2,3,2.9,2,7.1,2,0.123,4,2.7,2,-0.7,8,1.9,3,2.7,2,14.9,5,0.284,3,0.112,10,0.067,7,0.145,1,4.2,5,5600.0,3,13.8,7,0.0,8,0.392,6,0.1,7
97,97,383,2023,Kawhi Leonard,5,SF,5,LAC,5,52.0,9,50.0,7,8.6,2,16.8,3,4.8,5,0.416,1,11.9,2,0.551,4,0.572,3,4.7,2,5.4,2,0.871,2,1.1,4,5.4,3,6.5,3,2.3,3,3.9,4,1.4,2,0.5,4,1.7,6,1.6,9,23.8,2,23.9,1,0.623,2,0.287,8,0.32,4,3.7,5,17.8,3,10.8,4,19.6,4,2.0,2,1.4,5,8.1,10,27.0,3,4.9,2,2.2,5,7.1,2,0.194,1,5.1,1,0.9,2,6.1,1,3.5,2,14.9,5,0.141,9,0.178,7,0.225,1,0.169,1,4.9,4,4200.0,3,19.2,6,200.0,3,0.28700000000000003,8,0.1,7
98,98,385,2023,Caris LeVert,5,SG,5,CLE,5,74.0,4,30.0,9,4.3,7,10.0,7,4.4,6,0.392,3,5.6,7,0.462,10,0.517,8,1.8,7,2.4,7,0.722,9,0.7,7,3.1,8,3.8,8,2.4,3,3.9,4,1.0,4,0.3,7,1.6,6,2.3,5,12.1,7,12.4,8,0.546,8,0.437,4,0.243,6,2.8,6,12.1,7,7.4,7,18.0,5,1.6,4,1.0,7,12.4,5,18.7,7,1.4,7,3.1,2,4.4,5,0.095,6,-1.0,8,0.8,3,-0.2,7,1.0,6,14.5,6,0.235,5,0.181,7,0.115,4,0.028,8,4.2,5,2900.0,5,22.8,5,100.0,5,0.44099999999999995,4,0.1,7
99,99,387,2023,Damian Lillard,5,PG,5,POR,5,58.0,9,58.0,6,9.6,1,20.7,1,11.3,1,0.371,5,9.4,3,0.574,3,0.564,4,8.8,1,9.6,1,0.914,1,0.8,6,4.0,5,4.8,5,2.2,4,7.3,1,0.9,5,0.3,7,3.3,1,1.9,8,32.2,1,26.7,1,0.645,2,0.547,2,0.464,1,2.4,8,12.8,6,7.6,7,35.0,1,1.2,7,0.8,8,11.7,6,33.8,1,8.2,1,0.8,10,9.0,1,0.205,1,8.3,1,-1.2,9,7.1,1,4.9,1,17.5,2,0.231,5,0.103,10,0.049,8,0.057,5,1.2,8,1000.0,8,5.800000000000001,9,200.0,3,0.56,2,0.2,3
100,100,392,2023,Brook Lopez,5,C,5,MIL,5,78.0,2,78.0,1,6.1,5,11.5,6,4.7,5,0.374,4,6.9,6,0.637,1,0.606,2,1.9,7,2.4,7,0.784,6,2.0,2,4.7,4,6.7,3,0.9,10,1.3,10,0.5,10,2.5,1,1.4,7,2.6,4,15.9,5,18.4,3,0.63,2,0.405,5,0.211,7,7.2,2,15.3,4,11.4,3,6.1,10,0.7,10,6.7,1,9.8,8,19.3,7,4.1,3,3.9,1,8.0,2,0.161,2,0.8,5,1.3,2,2.1,3,2.5,3,14.0,6,0.281,3,0.17,7,0.108,4,0.036,7,8.7,2,7100.0,2,19.8,6,0.0,8,0.4049999999999999,5,0.1,7
101,101,397,2023,Kyle Lowry,5,PG,5,MIA,5,55.0,9,44.0,8,3.6,9,8.8,8,5.6,4,0.345,7,3.2,10,0.509,8,0.514,8,2.1,6,2.5,6,0.859,3,0.8,6,3.3,7,4.1,7,2.7,2,5.1,3,1.0,4,0.4,6,1.9,5,2.6,4,11.2,8,12.6,8,0.565,7,0.639,1,0.278,5,2.8,6,12.9,6,7.7,7,23.4,3,1.7,3,1.2,6,15.9,2,16.7,8,1.5,7,1.9,6,3.4,7,0.096,6,-0.7,8,0.8,3,0.2,6,0.9,7,19.4,1,0.14,9,0.093,10,0.082,6,0.045,6,0.0,10,0.0,10,17.7,6,100.0,5,0.64,1,0.2,3
102,102,407,2023,Lauri Markkanen,5,PF,5,UTA,5,66.0,7,66.0,4,8.7,2,17.3,2,7.7,1,0.391,3,9.6,3,0.585,3,0.586,2,5.3,1,6.0,2,0.875,2,2.0,2,6.7,2,8.6,2,1.0,10,1.9,8,0.6,9,0.6,4,1.9,5,2.1,7,25.6,1,22.1,2,0.64,2,0.446,4,0.348,3,6.3,3,20.7,3,13.6,2,8.6,8,0.9,9,1.4,5,8.8,9,26.6,3,6.3,1,1.9,6,8.2,1,0.173,2,4.9,1,-1.0,9,3.8,2,3.3,2,14.6,5,0.213,5,0.251,3,0.053,8,0.037,7,11.200000000000001,2,11100.0,1,18.4,6,0.0,8,0.44599999999999995,4,0.1,7
103,103,409,2023,Caleb Martin,5,SF,5,MIA,5,71.0,5,49.0,8,3.6,9,7.7,9,3.3,8,0.356,6,4.4,9,0.545,5,0.54,6,1.3,8,1.6,9,0.805,6,1.2,4,3.6,6,4.8,5,1.5,7,1.6,9,1.0,4,0.4,6,1.1,9,2.0,8,9.6,9,11.4,9,0.571,7,0.431,4,0.206,8,4.8,3,15.0,4,9.7,4,8.2,9,1.7,3,1.5,4,11.5,6,14.4,9,1.2,8,2.5,4,3.7,7,0.086,7,-1.8,9,0.5,4,-1.2,8,0.4,8,14.9,5,0.235,5,0.155,8,0.049,8,0.117,2,5.1,4,2100.0,6,40.699999999999996,2,100.0,5,0.44399999999999995,4,0.1,7
104,104,411,2023,KJ Martin,5,SF,5,HOU,5,82.0,1,49.0,8,5.0,7,8.8,8,2.6,8,0.315,9,6.1,7,0.679,1,0.617,1,1.8,7,2.7,6,0.68,10,1.5,3,4.0,5,5.5,4,1.4,8,1.5,9,0.5,10,0.4,6,1.1,9,1.8,9,12.7,7,15.4,6,0.635,2,0.3,8,0.308,4,6.0,3,15.8,4,10.8,4,8.1,9,0.9,9,1.3,5,10.0,8,16.4,8,4.2,3,0.7,10,4.9,5,0.103,6,0.6,6,-1.3,9,-0.7,7,0.7,7,9.7,9,0.417,1,0.281,2,0.003,10,0.0,10,27.500000000000004,1,17300.0,1,23.599999999999998,4,0.0,8,0.29900000000000004,8,0.2,3
105,105,416,2023,Bennedict Mathurin,5,SG,5,IND,5,78.0,2,17.0,10,5.3,6,12.2,5,4.0,7,0.323,8,8.2,5,0.488,9,0.487,9,4.8,2,5.8,2,0.828,4,1.1,4,3.0,8,4.1,7,0.8,10,1.5,9,0.6,9,0.2,9,1.9,5,2.1,7,16.7,5,13.1,8,0.566,7,0.326,7,0.477,1,4.4,4,11.5,7,7.9,6,7.6,9,1.0,9,0.5,9,11.7,6,24.6,4,1.0,8,0.8,10,1.8,9,0.038,10,-1.2,8,-2.5,10,-3.7,10,-1.0,10,12.1,8,0.286,3,0.26,3,0.075,7,0.044,6,3.5000000000000004,5,2800.0,5,19.400000000000002,6,500.0,1,0.33499999999999996,7,0.1,7
106,106,418,2023,Tyrese Maxey,5,SG,5,PHI,5,60.0,8,41.0,8,7.3,3,15.2,3,6.2,3,0.434,1,9.1,4,0.513,7,0.568,4,3.0,4,3.6,4,0.845,3,0.4,10,2.6,9,2.9,10,2.7,2,3.5,5,0.8,7,0.1,10,1.3,8,2.2,6,20.3,3,17.0,4,0.605,4,0.404,5,0.233,7,1.4,10,8.8,10,5.2,10,16.9,5,1.2,7,0.4,10,7.4,10,24.1,4,3.7,3,1.6,7,5.4,4,0.128,4,1.9,3,-1.2,9,0.6,6,1.3,5,14.4,6,0.222,5,0.208,5,0.101,4,0.06,5,1.4000000000000001,8,1300.0,7,19.5,6,100.0,5,0.40900000000000003,5,0.1,7
107,107,422,2023,CJ McCollum,5,PG,5,NOP,5,75.0,3,75.0,2,7.8,3,17.9,2,7.2,2,0.389,3,10.7,2,0.469,10,0.515,8,2.4,5,3.2,5,0.769,7,0.7,7,3.6,6,4.4,6,2.4,3,5.7,2,0.9,5,0.5,4,2.4,3,2.0,8,20.9,3,15.6,5,0.541,9,0.404,5,0.177,8,2.4,8,11.7,7,7.0,8,25.1,3,1.3,7,1.4,5,11.2,6,26.4,3,1.5,7,2.8,3,4.3,6,0.078,8,1.5,4,-0.7,8,0.8,5,1.9,4,16.0,4,0.108,10,0.208,5,0.148,2,0.125,2,0.4,9,300.0,9,10.7,8,0.0,8,0.41100000000000003,5,0.1,7
108,108,425,2023,Jaden McDaniels,5,SF,5,MIN,5,79.0,2,79.0,1,4.7,7,9.1,8,3.4,7,0.398,2,5.7,7,0.588,3,0.591,2,1.3,8,1.8,8,0.736,8,1.2,4,2.7,9,3.9,8,1.4,8,1.9,8,0.9,5,1.0,2,1.4,7,3.4,1,12.1,7,12.0,8,0.611,3,0.376,6,0.201,8,4.3,4,9.8,9,7.1,7,8.4,8,1.5,5,2.7,2,12.6,4,15.8,8,2.0,6,2.4,4,4.4,5,0.087,7,-1.7,9,0.5,4,-1.2,8,0.5,8,12.5,8,0.288,3,0.215,4,0.088,5,0.034,7,11.5,2,7200.0,2,50.6,1,200.0,3,0.375,6,0.1,7
109,109,434,2023,De'Anthony Melton,5,SG,5,PHI,5,77.0,2,58.0,6,3.6,9,8.5,8,5.2,4,0.39,3,3.2,10,0.484,9,0.546,6,0.9,10,1.1,9,0.793,6,0.9,6,3.2,7,4.1,7,2.0,5,2.6,7,1.6,1,0.5,4,1.3,8,2.5,4,10.1,9,12.7,8,0.566,7,0.619,2,0.134,9,3.9,5,13.1,6,8.6,5,12.9,7,2.9,1,1.8,3,12.9,4,16.4,8,1.1,8,3.1,2,4.2,6,0.095,6,-0.7,8,1.6,1,0.9,5,1.6,5,17.8,2,0.183,6,0.131,9,0.037,9,0.026,8,1.0999999999999999,8,600.0,8,24.099999999999998,4,200.0,3,0.623,1,0.2,3
110,110,437,2023,Khris Middleton,5,SF,5,MIL,5,33.0,10,19.0,10,5.4,6,12.3,5,4.9,5,0.315,9,7.4,6,0.516,7,0.499,9,2.8,4,3.1,5,0.902,1,0.8,6,3.4,6,4.2,7,2.2,4,4.9,3,0.7,8,0.2,9,2.2,4,2.1,7,15.1,5,17.4,4,0.551,8,0.399,6,0.251,6,3.8,5,14.0,5,9.1,5,30.7,1,1.4,6,0.5,9,13.6,3,27.4,2,1.0,8,1.0,9,1.9,9,0.117,5,1.0,5,-0.3,6,0.8,5,0.6,7,16.4,3,0.111,10,0.18,7,0.175,2,0.135,1,0.2,10,100.0,10,14.2,7,0.0,8,0.399,6,0.1,7
111,111,443,2023,Donovan Mitchell,5,SG,5,CLE,5,68.0,6,68.0,3,10.0,1,20.6,1,9.3,1,0.386,3,11.3,2,0.566,4,0.572,3,4.7,2,5.4,2,0.867,2,0.9,6,3.3,7,4.3,6,1.7,6,4.4,4,1.5,1,0.4,6,2.6,3,2.5,4,28.3,1,22.9,1,0.614,3,0.453,4,0.262,5,3.1,6,10.9,8,7.0,8,21.4,4,2.0,2,1.0,7,10.3,7,32.1,1,5.4,1,3.5,1,8.9,1,0.176,2,5.6,1,0.6,4,6.3,1,5.0,1,16.0,4,0.207,6,0.148,8,0.078,6,0.098,3,2.9000000000000004,6,3600.0,4,5.4,9,600.0,1,0.469,3,0.1,7
112,112,444,2023,Evan Mobley,5,PF,5,CLE,5,79.0,2,79.0,1,6.6,4,12.0,5,1.3,9,0.216,10,10.7,2,0.595,2,0.566,4,2.6,5,3.8,4,0.674,10,2.4,1,6.6,2,9.0,2,1.6,7,2.8,6,0.8,7,1.5,1,1.8,5,2.8,3,16.2,5,17.9,4,0.591,5,0.108,10,0.321,4,8.1,2,22.7,2,15.4,2,12.4,7,1.1,8,4.0,1,11.9,5,20.2,6,3.7,3,4.8,1,8.5,1,0.151,3,0.0,6,1.6,1,1.7,4,2.5,3,7.2,10,0.404,2,0.32,1,0.122,3,0.035,7,23.7,1,21400.0,1,39.2,2,0.0,8,0.119,9,0.1,7
113,113,452,2023,Ja Morant,5,PG,5,MEM,5,61.0,8,59.0,6,9.3,1,19.9,1,4.9,5,0.307,9,15.0,1,0.519,7,0.504,9,6.1,1,8.1,1,0.748,8,1.0,5,4.9,4,5.9,4,2.4,3,8.1,1,1.1,3,0.3,7,3.4,1,1.6,9,26.2,1,23.3,1,0.557,8,0.247,8,0.409,2,3.3,6,16.1,4,9.7,4,41.1,1,1.6,4,0.7,8,12.6,4,34.9,1,3.4,4,2.6,3,6.0,3,0.148,3,5.2,1,0.5,4,5.7,1,3.8,1,11.1,8,0.289,3,0.295,2,0.144,3,0.025,8,5.800000000000001,3,5500.0,3,10.0,9,300.0,2,0.247,8,0.1,7
114,114,453,2023,Marcus Morris,5,PF,5,LAC,5,65.0,7,65.0,5,4.2,8,9.9,7,4.7,5,0.364,5,5.2,8,0.484,9,0.513,9,1.0,9,1.3,9,0.782,6,0.4,10,3.5,6,4.0,7,2.0,5,1.8,8,0.6,9,0.3,7,0.9,10,2.1,7,11.2,8,10.5,10,0.534,9,0.479,3,0.135,9,1.8,9,13.9,5,7.9,6,8.9,8,1.1,8,1.0,7,7.6,10,17.6,7,0.4,9,1.6,7,2.0,9,0.053,9,-1.8,9,-0.2,6,-1.9,9,0.0,9,18.2,2,0.07,10,0.118,9,0.199,1,0.134,1,0.8,9,500.0,9,23.1,5,200.0,3,0.479,3,0.1,7
115,115,457,2023,Monte Morris,5,PG,5,WAS,5,62.0,8,61.0,6,4.0,8,8.3,8,3.3,8,0.382,4,5.0,8,0.543,5,0.555,5,1.0,9,1.2,9,0.831,4,0.4,10,3.0,8,3.4,9,5.3,1,5.3,3,0.7,8,0.2,9,1.0,9,1.2,10,10.3,8,15.0,6,0.579,6,0.396,6,0.15,9,1.8,9,11.6,7,6.9,8,26.4,2,1.2,7,0.6,9,9.9,8,15.6,9,3.1,4,1.1,9,4.2,6,0.12,5,0.8,5,-0.4,7,0.5,6,1.1,6,16.2,3,0.118,9,0.21,5,0.142,3,0.134,1,0.0,10,0.0,10,24.5,4,100.0,5,0.396,6,0.1,7
116,116,458,2023,Trey Murphy III,5,SF,5,NOP,5,79.0,2,65.0,5,4.9,7,10.1,7,6.3,3,0.406,2,3.8,9,0.611,2,0.61,2,2.2,6,2.4,7,0.905,1,0.7,7,2.8,8,3.6,8,1.7,6,1.4,9,1.1,3,0.5,4,0.8,10,2.0,8,14.5,6,15.2,6,0.65,1,0.621,1,0.238,6,2.7,7,10.3,9,6.5,8,6.4,10,1.8,3,1.7,4,6.5,10,16.6,8,4.8,2,2.8,3,7.6,2,0.15,3,1.4,4,0.4,4,1.8,4,2.3,3,17.7,2,0.201,6,0.129,9,0.02,10,0.026,8,12.4,2,8500.0,2,26.6,4,100.0,5,0.6239999999999999,1,0.2,3
117,117,459,2023,Dejounte Murray,5,SG,5,ATL,5,74.0,4,74.0,2,8.3,2,17.8,2,5.2,4,0.344,7,12.6,2,0.514,7,0.514,8,2.1,6,2.6,6,0.832,4,0.7,7,4.5,4,5.3,4,2.8,2,6.1,2,1.5,1,0.3,7,2.2,4,1.4,10,20.5,3,17.0,4,0.54,9,0.293,8,0.144,9,2.1,8,13.8,5,7.9,6,24.0,3,2.0,2,0.6,9,10.2,7,24.4,4,2.4,6,2.3,4,4.7,5,0.084,7,1.1,5,0.0,6,1.0,5,2.1,3,14.3,6,0.158,8,0.155,8,0.227,1,0.158,1,1.6,8,2100.0,6,22.2,5,0.0,8,0.30199999999999994,8,0.1,7
118,118,460,2023,Jamal Murray,5,PG,5,DEN,5,65.0,7,65.0,5,7.3,3,16.0,3,6.6,3,0.398,2,9.4,3,0.494,9,0.537,6,2.8,4,3.3,5,0.833,4,0.7,7,3.2,7,4.0,7,2.8,2,6.2,2,1.0,4,0.2,9,2.2,4,1.6,9,20.0,4,18.0,4,0.571,7,0.415,5,0.207,7,2.7,7,11.0,8,6.9,8,27.5,2,1.5,5,0.7,8,11.3,6,26.1,3,3.3,4,1.9,6,5.1,4,0.116,5,2.6,2,-1.3,9,1.3,4,1.8,4,16.2,3,0.144,8,0.161,8,0.134,3,0.142,1,1.7999999999999998,7,1700.0,6,12.0,8,800.0,1,0.41900000000000004,5,0.1,7
119,119,461,2023,Keegan Murray,5,SF,5,SAC,5,80.0,1,78.0,1,4.4,7,9.8,7,6.3,3,0.411,1,3.5,9,0.527,6,0.584,2,0.8,10,1.0,10,0.765,7,1.1,4,3.5,6,4.6,6,1.5,7,1.2,10,0.8,7,0.5,4,0.8,10,2.0,8,12.2,7,12.3,8,0.597,5,0.641,1,0.104,10,4.3,4,13.4,5,8.9,5,5.5,10,1.2,7,1.5,4,6.8,10,15.8,8,2.6,5,1.7,7,4.3,6,0.087,7,0.4,6,-1.0,9,-0.6,7,0.8,7,17.8,2,0.179,6,0.106,10,0.042,9,0.027,8,5.800000000000001,3,3900.0,4,27.700000000000003,4,0.0,8,0.646,1,0.2,3
120,120,469,2023,Andrew Nembhard,5,SG,5,IND,5,75.0,3,63.0,5,3.8,9,8.6,8,3.5,7,0.35,6,5.1,8,0.504,8,0.512,9,0.7,10,0.8,10,0.79,6,0.5,9,2.2,10,2.7,10,2.6,2,4.5,4,0.9,5,0.2,9,1.7,6,2.4,5,9.5,9,10.0,10,0.528,10,0.408,5,0.096,10,1.9,8,8.8,10,5.3,10,22.4,3,1.6,4,0.5,9,15.8,2,16.1,8,0.4,9,0.8,10,1.2,10,0.029,10,-2.4,10,-0.8,8,-3.2,10,-0.6,10,15.3,4,0.169,7,0.182,7,0.169,2,0.068,5,0.2,10,100.0,10,26.6,4,0.0,8,0.4119999999999999,5,0.1,7
121,121,470,2023,Aaron Nesmith,5,SF,5,IND,5,73.0,4,60.0,6,3.5,9,8.1,9,4.3,6,0.366,5,3.8,9,0.496,8,0.525,7,1.6,7,1.9,8,0.838,4,0.8,6,2.9,8,3.8,8,1.3,8,1.3,10,0.8,7,0.5,4,1.0,9,3.2,1,10.1,9,10.5,10,0.566,7,0.532,2,0.241,6,3.8,5,13.1,6,8.5,5,7.4,9,1.4,6,1.6,4,10.3,7,16.8,8,0.9,8,1.1,9,2.0,9,0.052,9,-2.3,10,-0.7,8,-3.0,10,-0.4,10,15.5,4,0.249,4,0.136,9,0.063,7,0.02,9,4.2,5,2200.0,5,42.4,1,0.0,8,0.532,2,0.2,3
122,122,484,2023,Jusuf Nurkić,5,C,5,POR,5,52.0,9,52.0,7,5.0,7,9.7,7,2.3,9,0.361,5,7.4,6,0.567,4,0.561,4,2.4,5,3.7,4,0.661,10,2.2,2,6.9,1,9.1,2,1.3,8,2.9,6,0.8,7,0.8,2,2.3,3,3.6,1,13.3,7,17.3,4,0.589,5,0.236,9,0.38,2,9.3,1,29.7,1,19.5,1,16.4,5,1.5,5,2.8,2,16.8,1,22.1,5,1.2,8,1.5,8,2.7,8,0.092,7,-0.6,7,0.7,3,0.1,6,0.7,7,8.6,9,0.451,1,0.279,2,0.018,10,0.016,9,4.3999999999999995,5,2100.0,6,12.6,8,0.0,8,0.236,9,0.2,3
123,123,488,2023,Royce O'Neale,5,SF,5,BRK,5,76.0,3,53.0,7,3.0,10,7.8,9,5.5,4,0.389,3,2.3,10,0.379,10,0.524,7,0.7,10,0.9,10,0.725,9,0.7,7,4.3,4,5.1,5,2.5,2,3.7,5,0.9,5,0.6,4,1.5,7,3.1,2,8.8,9,9.2,10,0.538,9,0.707,1,0.116,10,2.6,7,15.0,4,9.0,5,15.3,6,1.3,7,1.7,4,15.5,2,13.6,10,0.4,9,2.5,4,2.9,8,0.057,9,-1.7,9,0.6,4,-1.1,8,0.5,8,19.6,1,0.155,8,0.118,9,0.015,10,0.005,10,1.0,8,500.0,9,15.0,7,300.0,2,0.707,1,0.3,1
124,124,494,2023,Victor Oladipo,5,SG,5,MIA,5,42.0,10,2.0,10,3.8,9,9.6,7,5.0,5,0.33,8,4.5,9,0.471,10,0.484,10,1.4,8,1.9,8,0.747,8,0.4,10,2.7,9,3.0,9,1.7,6,3.5,5,1.4,2,0.3,7,2.1,4,2.4,5,10.7,8,10.6,9,0.513,10,0.526,3,0.196,8,1.6,9,12.3,6,6.8,8,19.8,4,2.6,1,1.1,6,16.6,1,21.1,5,-0.9,10,1.5,8,0.6,10,0.024,10,-2.9,10,0.8,3,-2.1,9,0.0,9,16.7,3,0.144,8,0.156,8,0.107,4,0.055,5,1.0,8,300.0,9,17.9,6,100.0,5,0.538,2,0.2,3
125,125,495,2023,Kelly Olynyk,5,C,5,UTA,5,68.0,6,68.0,3,4.1,8,8.2,8,3.5,7,0.394,2,4.7,8,0.576,3,0.583,3,2.9,4,3.4,5,0.853,3,1.2,4,5.0,4,6.2,4,1.5,7,3.7,5,0.9,5,0.5,4,2.5,3,3.4,1,12.5,7,14.4,7,0.643,2,0.424,5,0.417,2,4.6,4,18.6,3,11.7,3,17.6,5,1.5,5,1.6,4,20.3,1,17.8,7,2.4,6,1.9,6,4.3,6,0.106,5,-0.4,7,0.9,2,0.4,6,1.2,6,14.5,6,0.223,5,0.268,3,0.048,8,0.038,7,2.5,6,1300.0,7,20.3,5,0.0,8,0.42299999999999993,5,0.1,7
126,126,500,2023,Kelly Oubre Jr.,5,SF,5,CHO,5,48.0,10,40.0,9,7.4,3,17.1,2,7.1,2,0.319,9,10.0,3,0.51,7,0.497,9,3.3,4,4.3,3,0.76,7,1.4,3,3.8,5,5.2,5,0.8,10,1.1,10,1.4,2,0.4,6,1.3,8,2.9,2,20.3,3,14.8,6,0.534,9,0.414,5,0.254,5,4.4,4,12.9,6,8.6,5,5.6,10,2.1,2,1.0,7,6.6,10,26.5,3,0.1,10,1.5,8,1.7,10,0.051,9,-0.4,7,-0.7,8,-1.1,8,0.3,8,13.8,6,0.252,4,0.206,5,0.093,5,0.035,7,6.7,3,4700.0,3,29.5,3,0.0,8,0.41400000000000003,5,0.1,7
127,127,501,2023,Chris Paul,5,PG,5,PHO,5,59.0,8,59.0,6,5.0,7,11.3,6,4.4,6,0.375,4,6.9,6,0.482,9,0.513,9,2.3,6,2.7,6,0.831,4,0.5,9,3.8,5,4.3,6,4.7,1,8.9,1,1.5,1,0.4,6,1.9,5,2.1,7,13.9,6,17.7,4,0.555,8,0.391,6,0.24,6,1.6,9,13.4,5,7.4,7,38.7,1,2.4,1,1.0,7,13.4,3,19.2,7,3.7,3,2.5,4,6.2,3,0.156,2,2.0,3,1.2,2,3.2,2,2.5,3,18.0,2,0.025,10,0.127,9,0.302,1,0.154,1,0.0,10,0.0,10,7.3,9,100.0,5,0.392,6,0.1,7
128,128,509,2023,Mason Plumlee,5,C,5,TOT,5,79.0,2,60.0,6,4.2,8,6.1,10,0.0,10,,10,6.1,7,0.68,1,0.68,1,2.5,5,4.0,4,0.636,10,2.9,1,6.0,2,8.9,2,2.1,5,3.1,6,0.6,9,0.6,4,1.5,7,2.7,3,10.8,8,19.6,3,0.689,1,0.0,10,0.647,1,11.8,1,25.1,2,18.4,1,17.3,5,1.1,8,2.0,3,15.8,2,15.2,9,5.5,1,2.4,4,7.9,2,0.185,2,1.2,4,1.0,2,2.2,3,2.2,3,2.7,10,0.707,1,0.25,3,0.033,9,0.01,9,26.0,1,11500.0,1,,10,0.0,8,0.0,10,0.3,1
129,129,512,2023,Jakob Poeltl,5,C,5,TOT,5,72.0,4,71.0,3,5.4,6,8.6,8,0.0,10,0.0,10,8.6,4,0.63,1,0.629,1,1.7,7,2.8,6,0.592,10,3.3,1,5.8,2,9.1,2,1.6,7,2.7,7,0.9,5,1.2,1,1.7,6,2.7,3,12.5,7,21.0,2,0.635,2,0.002,10,0.325,3,13.0,1,25.5,1,19.0,1,15.2,6,1.7,3,4.0,1,15.0,2,18.2,7,3.7,3,2.2,5,6.0,3,0.15,3,1.1,5,0.8,3,1.9,3,1.9,4,4.6,10,0.487,1,0.351,1,0.138,3,0.002,10,4.5,4,2700.0,5,0.0,10,100.0,5,0.02200000000000002,10,0.2,3
130,130,516,2023,Jordan Poole,5,PG,5,GSW,5,82.0,1,43.0,8,6.7,4,15.6,3,7.8,1,0.336,7,7.8,5,0.524,6,0.514,8,4.4,2,5.1,3,0.87,2,0.4,10,2.4,9,2.7,10,1.5,7,4.5,4,0.8,7,0.3,7,3.1,2,2.6,4,20.4,3,14.6,7,0.573,6,0.498,3,0.325,3,1.5,10,8.5,10,5.0,10,22.5,3,1.2,7,0.8,8,14.7,3,29.2,2,1.4,7,1.9,6,3.2,7,0.063,8,-0.1,7,-1.8,10,-1.9,9,0.1,9,17.3,3,0.134,9,0.21,5,0.081,6,0.077,4,2.4,6,2700.0,5,11.799999999999999,8,800.0,1,0.498,3,0.2,3
131,131,517,2023,Kevin Porter Jr.,5,PG,5,HOU,5,59.0,8,59.0,6,6.6,4,15.0,3,6.5,3,0.366,5,8.5,4,0.501,8,0.522,8,3.5,3,4.5,3,0.784,6,1.3,3,4.0,5,5.3,4,1.8,6,5.7,2,1.4,2,0.3,7,3.2,1,2.6,4,19.2,4,16.2,5,0.565,7,0.436,4,0.299,4,4.1,4,13.1,6,8.5,5,25.7,3,2.0,2,0.8,8,15.8,2,24.3,4,1.9,6,1.0,9,2.9,8,0.068,8,1.4,4,-0.8,8,0.6,6,1.3,5,15.7,4,0.153,8,0.221,4,0.115,4,0.076,4,5.4,4,4100.0,4,11.700000000000001,8,100.0,5,0.43500000000000005,4,0.1,7
132,132,518,2023,Michael Porter Jr.,5,SF,5,DEN,5,62.0,8,62.0,5,6.4,4,13.2,5,7.3,2,0.414,1,5.9,7,0.579,3,0.602,2,1.5,8,1.9,8,0.8,6,1.0,5,4.5,4,5.5,4,0.9,10,1.0,10,0.6,9,0.5,4,1.1,9,1.9,8,17.4,4,16.8,5,0.621,3,0.556,2,0.147,9,4.2,4,17.2,3,10.9,3,5.3,10,1.0,9,1.4,5,7.3,10,22.7,5,2.6,5,1.8,7,4.3,6,0.116,5,2.0,3,-1.8,10,0.2,6,1.0,6,17.7,2,0.165,7,0.103,10,0.061,8,0.109,2,5.1,4,3900.0,4,18.5,6,200.0,3,0.562,2,0.2,3
133,133,520,2023,Bobby Portis,5,PF,5,MIL,5,70.0,5,22.0,10,5.7,5,11.5,6,3.7,7,0.37,5,7.8,5,0.555,4,0.555,5,1.4,8,1.8,8,0.768,7,2.2,2,7.4,1,9.6,1,1.2,9,1.5,9,0.4,10,0.2,9,1.2,8,1.6,9,14.1,6,17.8,4,0.575,6,0.32,7,0.156,9,9.2,1,28.6,1,19.3,1,8.7,8,0.8,10,0.7,8,8.6,9,21.7,5,2.5,5,2.8,3,5.3,4,0.139,4,1.2,4,-0.6,7,0.7,5,1.2,6,13.3,7,0.23,5,0.202,6,0.172,2,0.076,4,2.5,6,1700.0,6,35.0,2,100.0,5,0.31999999999999995,7,0.1,7
134,134,521,2023,Kristaps Porziņģis,5,C,5,WAS,5,65.0,7,65.0,5,7.8,3,15.7,3,5.5,4,0.385,3,10.2,3,0.559,4,0.565,4,5.4,1,6.4,1,0.851,3,1.8,2,6.6,2,8.4,2,1.3,8,2.7,7,0.9,5,1.5,1,2.1,4,3.0,2,23.2,2,23.1,1,0.627,2,0.35,7,0.409,2,6.2,3,21.8,2,14.3,2,12.9,7,1.3,7,4.0,1,10.2,7,27.4,2,5.0,2,2.7,3,7.7,2,0.174,2,3.8,2,0.5,4,4.3,2,3.4,2,15.1,5,0.166,7,0.228,4,0.162,2,0.094,3,9.5,2,8300.0,2,5.3,9,200.0,3,0.35,7,0.1,7
135,135,524,2023,Norman Powell,5,SG,5,LAC,5,60.0,8,8.0,10,5.7,5,11.8,5,4.8,5,0.397,2,7.1,6,0.534,6,0.559,5,3.8,3,4.6,3,0.812,5,0.4,10,2.5,9,2.9,10,1.1,9,1.8,8,0.8,7,0.3,7,1.7,6,2.1,7,17.0,5,17.1,4,0.612,3,0.404,5,0.39,2,1.7,9,10.7,8,6.3,9,11.0,8,1.6,4,1.0,7,10.8,7,26.0,3,2.1,6,1.4,8,3.5,7,0.107,5,0.9,5,-0.7,8,0.3,6,0.9,7,14.1,6,0.241,5,0.207,5,0.087,6,0.061,5,2.5,6,1600.0,7,31.7,3,100.0,5,0.40400000000000014,5,0.1,7
136,136,532,2023,Immanuel Quickley,5,SG,5,NYK,5,81.0,1,21.0,10,5.2,6,11.6,5,5.6,4,0.37,5,6.0,7,0.521,7,0.537,6,2.5,5,3.1,5,0.819,5,0.7,7,3.4,6,4.2,7,2.8,2,3.4,5,1.0,4,0.2,9,1.2,8,2.0,8,14.9,6,16.3,5,0.578,6,0.485,3,0.265,5,2.7,7,13.1,6,7.9,6,17.4,5,1.7,3,0.6,9,8.7,9,20.9,6,4.4,2,2.3,4,6.7,3,0.137,4,1.3,4,0.4,4,1.7,4,2.1,3,16.5,3,0.127,9,0.205,5,0.127,3,0.056,5,0.8999999999999999,9,800.0,8,27.1,4,100.0,5,0.485,3,0.2,3
137,137,534,2023,Julius Randle,5,PF,5,NYK,5,77.0,2,77.0,1,8.5,2,18.6,1,8.3,1,0.343,7,10.3,3,0.553,4,0.536,7,5.2,2,6.9,1,0.757,8,1.8,2,8.1,1,10.0,1,1.5,7,4.1,4,0.6,9,0.3,7,2.8,2,3.0,2,25.1,1,20.3,2,0.581,6,0.444,4,0.371,2,5.6,3,25.2,1,15.4,2,18.5,5,0.9,9,0.7,8,11.5,6,29.5,2,5.0,2,3.1,2,8.1,2,0.142,3,3.9,2,-0.2,6,3.7,2,3.9,1,15.3,4,0.22,5,0.149,8,0.123,3,0.064,5,5.1,4,6200.0,3,14.2,7,200.0,3,0.44399999999999995,4,0.1,7
138,138,535,2023,Austin Reaves,5,SG,5,LAL,5,64.0,7,22.0,10,4.0,8,7.7,9,3.4,7,0.398,2,4.3,9,0.631,1,0.616,1,3.6,3,4.1,4,0.864,2,0.5,9,2.5,9,3.0,9,2.3,3,3.4,5,0.5,10,0.3,7,1.5,7,1.7,9,13.0,7,14.9,6,0.687,1,0.441,4,0.541,1,2.0,8,9.0,9,5.6,9,15.7,6,0.8,10,0.9,7,14.0,3,16.2,8,4.1,3,1.4,8,5.4,4,0.142,3,0.6,6,0.1,5,0.7,5,1.2,6,15.4,4,0.184,6,0.194,6,0.129,3,0.053,6,1.6,8,800.0,8,26.400000000000002,4,200.0,3,0.43999999999999995,4,0.1,7
139,139,536,2023,Cam Reddish,5,SF,5,TOT,5,40.0,10,20.0,10,3.5,9,7.8,9,3.6,7,0.313,9,4.2,9,0.56,4,0.518,8,1.6,7,1.9,8,0.853,3,0.5,9,1.8,10,2.2,10,1.2,9,1.4,9,1.0,4,0.4,6,1.2,8,1.8,9,9.7,9,10.6,9,0.561,8,0.462,3,0.24,6,2.0,8,8.1,10,5.0,10,8.1,9,1.9,2,1.3,5,12.0,5,17.1,8,0.3,10,0.7,10,0.9,10,0.046,9,-2.6,10,-0.8,8,-3.4,10,-0.4,10,13.5,7,0.266,4,0.189,6,0.054,8,0.016,9,3.8,5,1200.0,7,33.300000000000004,3,200.0,3,0.475,3,0.2,3
140,140,551,2023,Mitchell Robinson,5,C,5,NYK,5,59.0,8,58.0,6,3.2,10,4.7,10,0.0,10,,10,4.7,8,0.671,1,0.671,1,1.0,9,2.1,7,0.484,10,4.5,1,4.9,4,9.4,1,1.3,8,0.9,10,0.9,5,1.8,1,0.7,10,2.7,3,7.4,10,18.9,3,0.652,1,0.0,10,0.436,1,18.4,1,20.0,3,19.2,1,4.5,10,1.7,3,6.5,1,10.9,6,10.1,10,4.0,3,2.6,3,6.5,3,0.197,1,1.0,5,1.4,2,2.4,3,1.7,4,1.2,10,0.918,1,0.075,10,0.004,10,0.004,10,52.1,1,13000.0,1,,10,0.0,8,-0.0009999999999998899,10,0.4,1
141,141,562,2023,Terry Rozier,5,SG,5,CHO,5,63.0,7,63.0,5,7.8,3,18.9,1,8.0,1,0.327,8,10.8,2,0.48,9,0.484,10,2.8,4,3.5,4,0.809,5,0.8,6,3.3,7,4.1,7,2.4,3,5.1,3,1.2,2,0.3,7,2.1,4,1.9,8,21.1,3,14.7,7,0.517,10,0.425,5,0.185,8,2.4,8,10.2,9,6.2,9,22.7,3,1.6,4,0.6,9,9.4,8,26.9,3,0.1,10,1.6,7,1.7,10,0.037,10,0.6,6,-1.1,9,-0.6,7,0.8,7,15.1,5,0.194,6,0.199,6,0.101,4,0.081,4,0.3,9,300.0,9,28.9,3,200.0,3,0.42500000000000004,5,0.1,7
142,142,564,2023,D'Angelo Russell,5,PG,5,TOT,5,71.0,5,71.0,3,6.3,5,13.4,4,6.9,2,0.396,2,6.5,6,0.548,5,0.572,3,2.5,5,3.0,5,0.829,4,0.5,9,2.5,9,3.0,9,2.4,3,6.2,2,1.0,4,0.4,6,2.6,3,2.0,8,17.8,4,16.3,5,0.605,4,0.517,3,0.228,7,1.7,9,8.5,10,5.2,10,27.4,2,1.4,6,1.1,6,15.1,2,22.7,5,3.1,4,1.9,6,5.1,4,0.106,5,2.1,3,-0.7,8,1.5,4,2.0,4,17.6,2,0.129,9,0.137,9,0.133,3,0.084,3,0.0,10,0.0,10,10.2,9,0.0,8,0.5169999999999999,3,0.2,3
143,143,570,2023,Domantas Sabonis,5,C,5,SAC,5,79.0,2,79.0,1,7.3,3,11.9,5,1.1,10,0.373,4,10.8,2,0.639,1,0.632,1,4.1,3,5.5,2,0.742,8,3.2,1,9.1,1,12.3,1,2.5,2,7.3,1,0.8,7,0.5,4,2.9,2,3.5,1,19.1,4,23.5,1,0.668,1,0.088,10,0.467,1,10.6,1,30.0,1,20.3,1,30.4,1,1.1,8,1.2,6,16.9,1,21.3,5,9.6,1,3.0,2,12.6,1,0.221,1,4.1,2,1.8,1,5.8,1,5.4,1,6.2,10,0.483,1,0.314,1,0.044,9,0.058,5,9.2,2,7900.0,2,12.0,8,100.0,5,0.10099999999999998,10,0.2,3
144,144,578,2023,Dennis Schröder,5,PG,5,LAL,5,66.0,7,50.0,7,4.1,8,9.8,7,3.4,7,0.329,8,6.4,7,0.461,10,0.472,10,3.3,4,3.8,4,0.857,3,0.3,10,2.2,10,2.5,10,2.6,2,4.5,4,0.8,7,0.2,9,1.7,6,2.2,6,12.6,7,11.5,9,0.545,9,0.346,7,0.388,2,1.2,10,7.5,10,4.4,10,20.1,4,1.2,7,0.4,10,12.8,4,18.6,7,1.3,8,1.5,8,2.8,8,0.068,8,-2.4,10,-0.5,7,-2.9,10,-0.4,10,14.4,6,0.168,7,0.208,5,0.18,2,0.098,3,0.0,10,0.0,10,25.8,4,0.0,8,0.346,7,0.1,7
145,145,581,2023,Alperen Sengun,5,C,5,HOU,5,75.0,3,72.0,3,5.9,5,10.7,6,0.8,10,0.333,8,9.9,3,0.57,4,0.565,4,2.7,5,3.8,4,0.715,9,3.2,1,5.8,2,9.0,2,1.5,7,3.9,4,0.9,5,0.9,2,2.6,3,3.4,1,14.8,6,19.7,3,0.599,4,0.071,10,0.36,3,12.1,1,22.3,2,17.1,2,21.0,4,1.6,4,3.2,1,17.3,1,21.4,5,3.4,4,1.8,7,5.2,4,0.115,5,1.1,5,0.4,4,1.4,4,1.9,4,6.0,10,0.395,2,0.464,1,0.053,8,0.016,9,10.9,2,7700.0,2,3.5000000000000004,10,100.0,5,0.07199999999999995,10,0.2,3
146,146,587,2023,Pascal Siakam,5,PF,5,TOR,5,71.0,5,71.0,3,8.9,2,18.5,2,4.0,7,0.324,8,14.5,1,0.523,6,0.515,8,5.2,2,6.7,1,0.774,7,1.8,2,6.0,2,7.8,2,2.4,3,5.8,2,0.9,5,0.5,4,2.4,3,3.2,1,24.2,2,20.3,2,0.565,7,0.219,9,0.361,3,5.2,3,19.6,3,11.9,3,24.9,3,1.2,7,1.3,5,10.0,8,27.2,2,5.2,2,2.6,3,7.8,2,0.141,4,3.3,2,-0.1,6,3.1,2,3.4,2,12.2,8,0.192,6,0.292,2,0.159,2,0.126,2,2.5,6,3200.0,4,19.900000000000002,6,300.0,2,0.23099999999999998,9,0.1,7
147,147,589,2023,Ben Simmons,5,PG,5,BRK,5,42.0,10,33.0,9,3.2,10,5.6,10,0.0,10,0.0,10,5.5,7,0.571,3,0.566,4,0.6,10,1.4,9,0.439,10,1.0,5,5.3,3,6.3,3,2.7,2,6.1,2,1.3,2,0.6,4,2.3,3,3.3,1,6.9,10,13.4,7,0.559,8,0.009,10,0.243,6,4.2,4,22.2,2,13.4,2,31.3,1,2.4,1,1.9,3,27.2,1,14.3,9,0.5,9,1.7,7,2.2,9,0.097,6,-2.2,9,2.6,1,0.4,6,0.7,7,4.8,10,0.43,1,0.464,1,0.094,5,0.004,10,15.7,1,3200.0,4,0.0,10,0.0,8,0.008000000000000007,10,0.2,3
148,148,592,2023,Anfernee Simons,5,SG,5,POR,5,62.0,8,62.0,5,7.5,3,16.9,3,9.1,1,0.377,4,7.8,5,0.528,6,0.548,6,2.6,5,2.9,6,0.894,1,0.3,10,2.3,10,2.6,10,2.0,5,4.1,4,0.7,8,0.2,9,2.1,4,2.3,5,21.1,3,14.8,6,0.581,6,0.538,2,0.171,8,0.9,10,7.6,10,4.3,10,18.6,5,0.9,9,0.6,9,10.2,7,25.1,4,2.1,6,0.3,10,2.5,8,0.054,9,1.3,4,-2.5,10,-1.1,8,0.5,8,17.9,2,0.166,7,0.124,9,0.092,5,0.08,4,2.9000000000000004,6,2600.0,5,10.7,8,100.0,5,0.538,2,0.2,3
149,149,594,2023,Marcus Smart,5,PG,5,BOS,5,61.0,8,61.0,6,4.1,8,9.9,7,5.6,4,0.336,7,4.3,9,0.519,7,0.511,9,1.4,8,1.9,8,0.746,8,0.8,6,2.4,9,3.1,9,2.7,2,6.3,2,1.5,1,0.4,6,2.3,3,2.8,3,11.5,8,12.1,8,0.538,9,0.568,2,0.196,8,2.6,7,8.0,10,5.3,10,26.4,2,2.3,1,1.0,7,17.9,1,17.8,7,1.0,8,2.7,3,3.7,7,0.092,7,-1.8,9,0.8,3,-1.0,8,0.5,8,17.0,3,0.14,9,0.204,6,0.053,8,0.025,8,0.8,9,400.0,9,19.3,6,300.0,2,0.5780000000000001,2,0.2,3
150,150,595,2023,Dennis Smith Jr.,5,PG,5,CHO,5,54.0,9,15.0,10,3.4,9,8.4,8,2.1,9,0.216,10,6.3,7,0.475,10,0.438,10,1.4,8,2.0,8,0.736,8,0.5,9,2.6,9,3.1,9,3.2,1,4.8,3,1.4,2,0.5,4,1.5,7,2.3,5,8.8,9,11.6,9,0.475,10,0.246,8,0.235,7,2.0,8,11.0,8,6.4,9,26.1,3,2.6,1,1.6,4,14.1,3,17.6,7,-0.4,10,1.5,8,1.1,10,0.039,10,-3.5,10,1.2,2,-2.2,9,-0.1,9,11.4,8,0.33,2,0.232,4,0.093,5,0.1,3,5.3,4,2200.0,5,22.5,5,100.0,5,0.245,8,0.1,7
151,151,600,2023,Jabari Smith Jr.,5,PF,5,HOU,5,79.0,2,79.0,1,4.6,7,11.3,6,4.9,5,0.307,9,6.3,7,0.487,9,0.475,10,2.1,6,2.6,6,0.786,6,1.5,3,5.7,3,7.2,3,1.0,10,1.3,10,0.5,10,0.9,2,1.3,8,2.9,2,12.8,7,11.2,9,0.514,10,0.438,4,0.231,7,5.4,3,20.3,3,12.7,3,5.9,10,0.9,9,3.0,2,9.6,8,18.4,7,0.5,9,1.4,8,1.9,9,0.037,10,-2.3,10,-1.3,9,-3.7,10,-1.1,10,16.2,3,0.155,8,0.178,7,0.12,4,0.109,2,5.4,4,4200.0,3,17.599999999999998,6,100.0,5,0.43800000000000006,4,0.1,7
152,152,603,2023,Jeremy Sochan,5,PF,5,SAS,5,56.0,9,53.0,7,4.5,7,9.9,7,2.4,9,0.246,10,7.5,5,0.519,7,0.483,10,1.4,8,2.1,7,0.698,9,1.7,3,3.6,6,5.3,4,1.5,7,2.5,7,0.8,7,0.4,6,1.7,6,2.5,4,11.0,8,11.4,9,0.509,10,0.243,8,0.21,7,6.9,2,15.6,4,11.0,3,13.6,6,1.4,6,1.3,5,13.9,3,19.8,6,-0.5,10,0.7,10,0.2,10,0.005,10,-2.8,10,-1.2,9,-4.0,10,-0.7,10,10.4,9,0.341,2,0.279,2,0.085,6,0.053,6,12.7,2,6000.0,3,25.4,4,500.0,1,0.24199999999999988,8,0.1,7
153,153,606,2023,Isaiah Stewart,5,C,5,DET,5,50.0,9,47.0,8,3.9,8,8.8,8,4.1,6,0.327,8,4.7,8,0.542,5,0.518,8,2.2,6,3.0,5,0.738,8,2.3,2,5.8,2,8.1,2,1.0,10,1.4,9,0.4,10,0.7,3,1.4,7,2.7,3,11.3,8,13.1,8,0.56,8,0.465,3,0.338,3,8.7,2,23.3,2,15.8,2,7.3,9,0.7,10,2.1,3,11.8,5,17.3,8,1.1,8,0.9,9,2.0,9,0.068,8,-1.0,8,-1.1,9,-2.1,9,0.0,9,13.5,7,0.302,2,0.209,5,0.009,10,0.016,9,7.5,3,2900.0,5,32.7,3,0.0,8,0.46399999999999997,3,0.2,3
154,154,607,2023,Max Strus,5,SF,5,MIA,5,80.0,1,33.0,9,4.1,8,9.9,7,7.0,2,0.35,6,2.8,10,0.559,4,0.535,7,1.0,9,1.1,9,0.876,2,0.6,8,2.6,9,3.2,9,2.3,3,2.1,8,0.5,10,0.2,9,0.9,10,2.1,7,11.5,8,10.8,9,0.557,8,0.713,1,0.113,10,2.4,8,11.2,8,6.7,8,11.2,7,0.9,9,0.5,9,7.8,10,17.6,7,1.5,7,1.9,6,3.4,7,0.071,8,-0.8,8,-0.9,8,-1.7,9,0.2,9,19.4,1,0.138,9,0.114,9,0.023,10,0.011,9,2.5,6,1700.0,6,27.400000000000002,4,0.0,8,0.714,1,0.3,1
155,155,613,2023,Jayson Tatum,5,SF,5,BOS,5,74.0,4,74.0,2,9.8,1,21.1,1,9.3,1,0.35,6,11.8,2,0.558,4,0.543,6,7.2,1,8.4,1,0.854,3,1.1,4,7.7,1,8.8,2,1.6,7,4.6,3,1.1,3,0.7,3,2.9,2,2.2,6,30.1,1,23.7,1,0.607,4,0.44,4,0.399,2,3.2,6,22.5,2,13.0,3,20.9,4,1.4,6,1.6,4,10.4,7,32.7,1,6.2,1,4.3,1,10.5,1,0.185,2,4.8,1,0.7,3,5.5,1,5.1,1,14.8,5,0.235,5,0.208,5,0.058,8,0.06,5,6.5,3,9100.0,1,8.0,9,0.0,8,0.43900000000000006,4,0.1,7
156,156,621,2023,Klay Thompson,5,SF,5,GSW,5,69.0,5,69.0,3,7.9,2,18.1,2,10.6,1,0.412,1,7.6,5,0.47,10,0.556,5,1.7,7,1.9,8,0.879,2,0.6,8,3.6,6,4.1,7,1.3,8,2.4,7,0.7,8,0.4,6,1.8,5,1.9,8,21.9,2,14.7,7,0.576,6,0.584,2,0.105,10,1.9,8,11.7,7,6.9,8,11.0,8,1.0,9,1.1,6,8.6,9,26.4,3,1.2,8,1.9,6,3.1,7,0.066,8,1.5,4,-1.7,10,-0.3,7,1.0,6,19.6,1,0.058,10,0.123,9,0.114,4,0.121,2,1.0999999999999999,8,1100.0,8,17.0,6,0.0,8,0.5840000000000001,2,0.2,3
157,157,632,2023,Karl-Anthony Towns,5,PF,5,MIN,5,29.0,10,29.0,9,7.3,3,14.8,4,5.7,4,0.366,5,9.1,4,0.576,3,0.565,4,4.1,3,4.7,3,0.874,2,1.7,3,6.5,2,8.1,2,1.6,7,4.8,3,0.7,8,0.6,4,3.0,2,3.8,1,20.8,3,18.8,3,0.618,3,0.383,6,0.315,4,5.7,3,21.6,2,13.8,2,22.0,4,1.0,9,1.5,4,15.0,2,25.6,3,1.5,7,1.1,9,2.7,8,0.133,4,2.1,3,0.9,2,3.0,2,1.2,6,14.0,6,0.201,6,0.292,2,0.056,8,0.068,5,4.3999999999999995,5,1700.0,6,10.4,8,0.0,8,0.383,6,0.1,7
158,158,633,2023,Gary Trent Jr.,5,SG,5,TOR,5,66.0,7,44.0,8,6.1,5,14.2,4,6.8,2,0.369,5,7.3,6,0.493,9,0.522,8,2.6,5,3.1,5,0.839,4,0.5,9,2.2,10,2.6,10,2.0,5,1.6,9,1.6,1,0.2,9,0.8,10,1.5,10,17.4,4,15.0,6,0.56,8,0.481,3,0.219,7,1.5,10,8.2,10,4.6,10,7.4,9,2.4,1,0.6,9,5.1,10,21.7,5,2.5,5,2.0,6,4.5,5,0.102,6,0.2,6,0.0,6,0.2,6,1.2,6,17.6,2,0.116,10,0.128,9,0.118,4,0.15,1,2.4,6,2000.0,6,17.599999999999998,6,0.0,8,0.488,3,0.1,7
159,159,634,2023,P.J. Tucker,5,PF,5,PHI,5,75.0,3,75.0,2,1.3,10,3.0,10,1.9,9,0.393,3,1.1,10,0.482,9,0.549,6,0.3,10,0.3,10,0.826,5,1.3,3,2.7,9,3.9,8,1.3,8,0.8,10,0.5,10,0.2,9,0.6,10,2.4,5,3.5,10,5.7,10,0.566,7,0.622,1,0.102,10,5.9,3,12.1,7,9.1,5,3.9,10,1.0,9,0.7,8,15.8,2,6.5,10,0.9,8,1.7,7,2.5,8,0.064,8,-3.2,10,0.2,5,-3.0,10,-0.5,10,16.5,3,0.173,7,0.151,8,0.036,9,0.018,9,0.0,10,0.0,10,91.4,1,0.0,8,0.6220000000000001,2,0.2,3
160,160,636,2023,Myles Turner,5,C,5,IND,5,62.0,8,62.0,5,6.5,4,11.8,5,4.0,7,0.373,4,7.8,5,0.638,1,0.612,2,3.5,3,4.5,3,0.783,6,1.4,3,6.1,2,7.5,2,0.8,10,1.4,9,0.6,9,2.3,1,1.7,6,3.5,1,18.0,4,20.0,2,0.651,1,0.34,7,0.377,2,5.4,3,22.9,2,14.2,2,7.5,9,0.9,9,6.6,1,10.8,7,22.0,5,3.4,4,2.0,6,5.4,4,0.142,3,1.4,4,0.7,3,2.1,3,1.9,4,12.2,8,0.302,2,0.251,3,0.071,7,0.029,8,9.5,2,6700.0,2,9.6,9,0.0,8,0.3470000000000001,7,0.1,7
161,161,638,2023,Jonas Valančiūnas,5,C,5,NOP,5,79.0,2,79.0,1,5.6,6,10.3,7,1.4,9,0.349,6,8.9,4,0.577,3,0.57,4,2.3,6,2.8,6,0.826,5,2.8,1,7.3,1,10.2,1,0.9,10,1.8,8,0.3,10,0.7,3,2.0,4,3.1,2,14.1,6,19.3,3,0.61,3,0.134,9,0.275,5,13.0,1,33.3,1,23.1,1,11.1,7,0.5,10,2.5,2,14.8,2,23.4,4,2.8,5,3.0,2,5.8,4,0.142,3,0.0,6,-0.4,7,-0.4,7,0.8,7,8.1,9,0.357,2,0.325,1,0.134,3,0.039,7,8.6,2,6700.0,2,4.6,10,0.0,8,0.14500000000000002,9,0.1,7
162,162,639,2023,Jarred Vanderbilt,5,PF,5,TOT,5,78.0,2,65.0,5,3.2,10,5.8,10,1.2,10,0.322,8,4.6,8,0.604,2,0.58,3,1.2,9,1.8,8,0.691,10,2.2,2,5.3,3,7.5,2,2.0,5,2.4,7,1.1,3,0.3,7,1.2,8,2.4,5,7.9,10,15.1,6,0.604,4,0.2,9,0.308,4,10.0,1,23.2,2,16.7,2,13.1,7,2.1,2,0.9,7,15.9,2,13.6,10,2.7,5,2.5,4,5.2,4,0.132,4,-0.6,7,1.6,1,1.1,4,1.5,5,7.7,10,0.479,1,0.282,2,0.031,9,0.009,9,21.3,1,9000.0,1,87.8,1,0.0,8,0.19900000000000007,9,0.2,3
163,163,642,2023,Fred VanVleet,5,PG,5,TOR,5,69.0,5,69.0,3,6.3,5,16.1,3,8.8,1,0.342,7,7.3,6,0.455,10,0.486,10,3.7,3,4.1,4,0.898,1,0.4,10,3.6,6,4.1,7,3.6,1,7.2,1,1.8,1,0.6,4,2.0,4,2.8,3,19.3,4,17.0,4,0.54,9,0.545,2,0.254,5,1.2,10,12.0,7,6.3,9,28.1,2,2.4,1,1.5,4,10.2,7,23.2,4,3.7,3,2.8,3,6.5,3,0.123,4,2.0,3,0.5,4,2.5,3,2.9,2,18.4,1,0.12,9,0.144,8,0.088,5,0.101,3,0.0,10,0.0,10,11.899999999999999,8,600.0,1,0.547,2,0.2,3
164,164,643,2023,Devin Vassell,5,SG,5,SAS,5,38.0,10,32.0,9,6.9,4,15.7,3,7.0,2,0.387,3,8.7,4,0.48,9,0.525,7,2.1,6,2.6,6,0.78,6,0.2,10,3.7,5,3.9,8,2.4,3,3.6,5,1.1,3,0.4,6,1.5,7,1.5,10,18.5,4,15.5,6,0.55,8,0.447,4,0.168,8,0.7,10,13.5,5,6.9,8,17.3,5,1.7,3,1.2,6,8.2,9,24.4,4,0.7,9,0.5,10,1.2,10,0.051,9,1.3,4,-0.9,8,0.4,6,0.7,7,17.6,2,0.141,9,0.081,10,0.176,2,0.155,1,3.5000000000000004,5,1700.0,6,16.5,7,300.0,2,0.44700000000000006,4,0.1,7
165,165,644,2023,Gabe Vincent,5,PG,5,MIA,5,68.0,6,34.0,9,3.4,9,8.3,8,5.1,5,0.334,7,3.2,10,0.512,7,0.505,9,1.0,9,1.1,9,0.872,2,0.4,10,1.7,10,2.1,10,1.8,6,2.5,7,0.9,5,0.1,10,1.4,7,2.3,5,9.4,9,9.0,10,0.533,9,0.617,2,0.138,9,1.7,9,8.1,10,4.8,10,13.9,6,1.8,3,0.3,10,13.3,4,17.5,8,-0.3,10,1.7,7,1.4,10,0.038,10,-3.1,10,-0.3,6,-3.4,10,-0.6,10,18.7,1,0.093,10,0.138,8,0.088,5,0.062,5,0.2,10,100.0,10,32.300000000000004,3,0.0,8,0.619,2,0.2,3
166,166,646,2023,Nikola Vučević,5,C,5,CHI,5,82.0,1,82.0,1,7.3,3,14.0,4,4.2,6,0.349,6,9.8,3,0.594,2,0.573,3,1.6,7,1.9,8,0.835,4,1.9,2,9.1,1,11.0,1,1.9,6,3.2,6,0.7,8,0.7,3,1.7,6,2.2,6,17.6,4,19.1,3,0.594,5,0.302,8,0.138,9,6.7,2,30.2,1,18.6,1,14.6,6,1.1,8,2.0,3,10.2,7,21.9,5,3.9,3,4.4,1,8.3,1,0.145,3,1.9,3,0.7,3,2.7,3,3.2,2,12.8,7,0.235,5,0.258,3,0.126,3,0.078,4,3.9,5,3700.0,4,12.4,8,0.0,8,0.30300000000000005,8,0.1,7
167,167,648,2023,Franz Wagner,5,SF,5,ORL,5,80.0,1,80.0,1,6.8,4,14.0,4,4.5,6,0.361,5,9.5,3,0.544,5,0.543,6,3.4,4,4.0,4,0.842,4,0.9,6,3.2,7,4.1,7,1.7,6,3.5,5,1.0,4,0.2,9,2.1,4,2.3,5,18.6,4,15.9,5,0.589,5,0.322,7,0.288,4,3.0,6,11.2,8,7.1,7,17.2,5,1.4,6,0.6,9,11.7,6,23.5,4,3.1,4,2.3,4,5.4,4,0.099,6,0.4,6,-0.5,7,-0.1,7,1.3,5,12.0,8,0.27,4,0.311,2,0.063,7,0.034,7,3.0,6,2900.0,5,17.2,6,400.0,1,0.32200000000000006,7,0.1,7
168,168,659,2023,P.J. Washington,5,PF,5,CHO,5,73.0,4,73.0,2,5.9,5,13.4,4,5.9,3,0.348,6,7.5,5,0.518,7,0.52,8,1.7,7,2.4,7,0.73,9,1.0,5,3.9,5,4.9,5,1.6,7,2.4,7,0.9,5,1.1,1,1.5,7,2.6,4,15.7,5,12.9,8,0.542,9,0.438,4,0.178,8,3.2,6,13.0,6,8.0,6,11.0,8,1.3,7,2.9,2,9.4,8,20.6,6,0.4,9,2.2,5,2.6,8,0.052,9,-1.0,8,-0.3,6,-1.3,8,0.4,8,14.8,5,0.198,6,0.242,4,0.06,8,0.061,5,5.0,4,4500.0,3,22.0,5,100.0,5,0.43900000000000006,4,0.1,7
169,169,667,2023,Russell Westbrook,5,PG,5,TOT,5,73.0,4,24.0,9,5.9,5,13.6,4,3.9,7,0.311,9,9.7,3,0.487,9,0.481,10,2.8,4,4.3,3,0.656,10,1.2,4,4.6,4,5.8,4,2.1,5,7.5,1,1.0,4,0.5,4,3.5,1,2.2,6,15.9,5,16.1,5,0.513,10,0.289,8,0.317,4,4.7,4,16.5,4,10.8,4,38.6,1,1.7,3,1.3,5,18.4,1,27.7,2,-0.6,10,2.6,3,1.9,9,0.044,9,0.3,6,-0.1,6,0.2,6,1.2,6,11.8,8,0.305,2,0.229,4,0.103,4,0.075,4,2.3,7,1900.0,6,22.7,5,100.0,5,0.28800000000000003,8,0.1,7
170,170,671,2023,Derrick White,5,SG,5,BOS,5,82.0,1,70.0,3,4.3,7,9.2,7,4.8,5,0.381,4,4.5,9,0.548,5,0.56,4,2.0,6,2.3,7,0.875,2,0.6,8,2.9,8,3.6,8,3.2,1,3.9,4,0.7,8,0.9,2,1.2,8,2.2,6,12.4,7,15.4,6,0.604,4,0.516,3,0.253,5,2.5,7,11.2,8,6.9,8,19.4,4,1.1,8,2.8,2,10.1,8,17.7,7,4.4,2,3.1,2,7.4,2,0.154,2,1.1,5,1.3,2,2.4,3,2.6,2,15.9,4,0.156,8,0.214,4,0.079,6,0.024,8,1.7999999999999998,7,1100.0,8,28.4,3,0.0,8,0.5269999999999999,3,0.2,3
171,171,675,2023,Andrew Wiggins,5,SF,5,GSW,5,37.0,10,37.0,9,6.8,4,14.3,4,6.1,3,0.396,2,8.2,5,0.53,6,0.557,5,1.2,9,1.9,8,0.611,10,1.6,3,3.4,6,5.0,5,1.8,6,2.3,7,1.2,2,0.8,2,1.3,8,2.9,2,17.1,4,14.7,7,0.564,7,0.425,5,0.136,9,5.7,3,11.3,8,8.6,5,10.5,8,1.8,3,2.1,3,7.9,10,21.5,5,1.0,8,1.3,8,2.3,9,0.091,7,-0.1,7,-0.4,7,-0.5,7,0.5,8,15.4,4,0.157,8,0.244,3,0.07,7,0.104,2,5.5,3,2500.0,5,20.0,6,0.0,8,0.42499999999999993,5,0.1,7
172,172,679,2023,Grant Williams,5,PF,5,BOS,5,79.0,2,23.0,9,2.7,10,6.0,10,3.7,7,0.395,2,2.3,10,0.546,5,0.575,3,1.2,9,1.5,9,0.77,7,1.1,4,3.5,6,4.6,6,1.7,6,1.7,8,0.5,10,0.4,6,1.0,9,2.4,5,8.1,10,10.3,10,0.605,4,0.611,2,0.256,5,4.7,4,14.5,5,9.7,4,8.4,8,1.0,9,1.3,5,13.4,3,13.1,10,1.9,6,2.6,3,4.4,5,0.104,6,-1.8,9,0.7,3,-1.1,8,0.5,8,17.2,3,0.137,9,0.197,6,0.046,8,0.006,10,3.2,6,1500.0,7,41.6,1,200.0,3,0.614,2,0.2,3
173,173,680,2023,Jalen Williams,5,SG,5,OKC,5,75.0,3,62.0,5,5.5,6,10.6,6,2.7,8,0.356,6,7.9,5,0.579,3,0.567,4,2.1,6,2.5,6,0.812,5,1.1,4,3.4,6,4.5,6,2.1,5,3.3,6,1.4,2,0.5,4,1.6,6,2.5,4,14.1,6,15.6,5,0.601,4,0.258,8,0.241,6,3.9,5,12.2,7,7.9,6,15.4,6,2.1,2,1.4,5,12.3,5,18.4,7,3.0,5,2.6,3,5.6,4,0.119,5,-0.4,7,0.7,3,0.3,6,1.3,5,10.4,9,0.377,2,0.246,3,0.073,7,0.047,6,10.6,2,7700.0,2,14.6,7,200.0,3,0.257,8,0.1,7
174,174,686,2023,Patrick Williams,5,PF,5,CHI,5,82.0,1,65.0,5,3.8,9,8.3,8,3.4,7,0.415,1,4.9,8,0.498,8,0.549,6,1.1,9,1.3,9,0.857,3,1.0,5,3.0,8,4.0,7,1.0,10,1.2,10,0.9,5,0.9,2,1.2,8,1.8,9,10.2,9,11.2,9,0.576,6,0.409,5,0.155,9,3.9,5,12.0,7,8.0,6,5.8,10,1.5,5,2.9,2,12.3,5,15.7,9,0.5,9,3.0,2,3.5,7,0.072,8,-1.7,9,0.4,4,-1.3,8,0.4,8,14.6,5,0.258,4,0.112,10,0.12,4,0.1,3,11.799999999999999,2,5900.0,3,39.0,2,0.0,8,0.41000000000000003,5,0.1,7
175,175,690,2023,Zion Williamson,5,PF,5,NOP,5,29.0,10,29.0,9,9.8,1,16.2,3,0.7,10,0.368,5,15.5,1,0.618,2,0.615,1,6.1,1,8.6,1,0.714,9,2.0,2,5.0,4,7.0,3,1.4,8,4.6,3,1.1,3,0.6,4,3.4,1,2.2,6,26.0,1,25.2,1,0.652,1,0.041,10,0.529,1,6.9,2,17.0,4,12.0,3,24.4,3,1.6,4,1.6,4,14.6,3,30.4,1,2.3,6,1.2,9,3.6,7,0.18,2,4.8,1,1.0,2,5.8,1,1.9,4,4.1,10,0.618,1,0.307,2,0.026,9,0.009,9,11.3,2,4200.0,3,0.0,10,0.0,8,0.039999999999999925,10,0.2,3
176,176,692,2023,Justise Winslow,5,PF,5,POR,5,29.0,10,11.0,10,2.8,10,6.8,9,1.6,9,0.311,9,5.3,7,0.438,10,0.444,10,0.7,10,1.0,10,0.714,9,1.7,3,3.3,7,5.0,5,2.3,3,3.4,5,1.0,4,0.4,6,1.5,7,3.1,2,6.8,10,9.3,10,0.466,10,0.227,9,0.141,9,7.2,2,14.3,5,10.7,4,17.2,5,1.9,2,1.3,5,17.0,1,14.2,9,-0.1,10,0.5,10,0.4,10,0.022,10,-3.4,10,0.6,4,-2.8,10,-0.2,9,9.8,9,0.348,2,0.288,2,0.106,4,0.03,7,2.0,7,300.0,9,44.4,1,0.0,8,0.2280000000000001,9,0.1,7
177,177,696,2023,Christian Wood,5,C,5,DAL,5,67.0,6,17.0,10,5.9,5,11.5,6,4.2,6,0.376,4,7.3,6,0.594,2,0.583,3,3.2,4,4.2,4,0.772,7,1.3,3,6.0,2,7.3,3,1.0,10,1.8,8,0.4,10,1.1,1,1.8,5,2.5,4,16.6,5,20.6,2,0.624,2,0.363,6,0.365,3,5.8,3,27.4,1,16.4,2,11.7,7,0.9,9,3.7,1,11.9,5,26.4,3,2.7,5,2.1,5,4.8,5,0.132,4,1.9,3,-0.3,6,1.7,4,1.6,5,12.8,7,0.304,2,0.208,5,0.062,7,0.062,5,12.4,2,8600.0,2,16.5,7,200.0,3,0.3639999999999999,6,0.1,7
178,178,697,2023,Delon Wright,5,PG,5,WAS,5,50.0,9,14.0,10,2.8,10,5.8,10,2.4,9,0.345,7,3.4,9,0.564,4,0.545,6,1.0,9,1.2,9,0.867,2,1.2,4,2.4,9,3.6,8,4.3,1,3.9,4,1.8,1,0.3,7,0.9,10,1.2,10,7.4,10,16.3,5,0.581,6,0.409,5,0.206,8,5.5,3,10.7,8,8.2,6,20.9,4,3.7,1,1.2,6,12.2,5,12.9,10,2.1,6,1.6,7,3.7,7,0.146,3,0.4,6,3.1,1,3.4,2,1.7,4,14.4,6,0.196,6,0.299,2,0.062,7,0.034,7,1.4000000000000001,8,400.0,9,24.4,4,400.0,1,0.40900000000000003,5,0.1,7
179,179,701,2023,Trae Young,5,PG,5,ATL,5,73.0,4,73.0,2,8.2,2,19.0,1,6.3,3,0.335,7,12.7,2,0.476,9,0.485,10,7.8,1,8.8,1,0.886,1,0.8,6,2.2,10,3.0,9,2.5,2,10.2,1,1.1,3,0.1,10,4.1,1,1.4,10,26.2,1,22.0,2,0.573,6,0.331,7,0.46,1,2.4,8,7.0,10,4.7,10,42.5,1,1.5,5,0.3,10,15.2,2,32.6,1,5.3,2,1.4,8,6.7,3,0.126,4,5.3,1,-2.0,10,3.3,2,3.4,2,14.9,5,0.155,8,0.243,4,0.147,2,0.114,2,0.0,10,0.0,10,5.0,10,200.0,3,0.34099999999999997,7,0.1,7
180,180,704,2023,Ivica Zubac,5,C,5,LAC,5,76.0,3,76.0,1,4.3,7,6.8,9,0.0,10,0.0,10,6.7,6,0.637,1,0.634,1,2.2,6,3.1,5,0.697,10,3.1,1,6.8,1,9.9,1,0.7,10,1.0,10,0.4,10,1.3,1,1.5,7,2.9,2,10.8,8,16.7,5,0.661,1,0.004,10,0.463,1,12.3,1,26.5,1,19.5,1,5.1,10,0.7,10,4.0,1,15.9,2,14.8,9,3.8,3,2.9,2,6.7,3,0.149,3,-1.1,8,0.2,5,-0.9,7,0.6,7,3.3,10,0.593,1,0.377,1,0.021,10,0.004,10,28.599999999999998,1,13000.0,1,0.0,10,100.0,5,0.0050000000000000044,10,0.2,3
