,level_0,index,Season,Offensive Profile,Defensive Profile,Player,Pos,Team,G,GS,FG,FGA,3PA,3P%,2PA,2P%,eFG%,FT,FTA,FT%,ORB,DRB,TRB,AST/TOV,AST,STL,BLK,TOV,PF,PTS,PER,TS%,3PAr,FTr,ORB%,DRB%,TRB%,AST%,STL%,BLK%,TOV%,USG%,OWS,DWS,WS,WS/48,OBPM,DBPM,BPM,VORP,Average distance (ft.) of FGA,%FGA 0-3,%FGA 3-10,%FGA 10-16,%FGA 16-3P,%FGA,%3PA,%FGA 3P,std_areas_FGA
0,0,0,2007,No significant offensive role,No significant defensive role,Shareef Abdur-Rahim,C,SAC,80.0,45.0,3.9,8.2,0.3,0.15,7.9,0.484,0.476,2.1,2.9,0.726,1.5,3.5,5.0,0.9,1.4,0.7,0.5,1.5,3.0,9.9,13.1,0.524,0.031,0.358,7.0,16.4,11.6,9.2,1.3,1.5,13.3,19.5,1.1,1.7,2.8,0.067,-2.0,-0.5,-2.5,-0.2,,,,,,,,1,0.0
1,1,5,2007,Versatile Scorer,No significant defensive role,Ray Allen*,SG,SEA,55.0,55.0,9.2,21.0,8.1,0.372,12.9,0.479,0.51,5.1,5.6,0.903,1.0,3.5,4.5,1.5,4.1,1.5,0.2,2.8,2.1,26.4,21.6,0.564,0.384,0.268,3.1,10.4,6.7,19.0,1.9,0.4,10.7,29.5,5.4,0.9,6.3,0.136,5.0,-1.3,3.7,3.2,16.2,0.181,0.09,0.129,0.215,0.8,18.099999999999998,0.385,0.1
2,2,6,2007,Slasher,Perimeter Defender,Tony Allen,SG,BOS,33.0,18.0,4.0,7.8,1.0,0.242,6.8,0.553,0.529,3.2,4.1,0.784,1.1,2.7,3.8,0.7,1.7,1.5,0.4,2.3,2.6,11.5,17.0,0.596,0.127,0.517,5.1,13.6,9.2,12.5,3.2,1.2,19.1,22.1,0.8,1.1,1.9,0.111,-0.2,1.2,1.0,0.6,7.7,0.548,0.124,0.062,0.139,6.6000000000000005,36.4,0.127,0.18
3,3,7,2007,No significant offensive role,Perimeter Defender,Rafer Alston,PG,HOU,82.0,82.0,4.7,12.4,6.5,0.363,6.0,0.389,0.47,1.6,2.2,0.734,0.4,3.1,3.4,2.6,5.4,1.6,0.1,2.1,2.4,13.3,12.9,0.496,0.519,0.174,1.1,9.5,5.3,24.1,2.2,0.3,13.4,19.4,1.7,4.9,6.6,0.104,-0.7,1.3,0.6,2.0,16.4,0.22,0.113,0.043,0.106,0.0,17.4,0.518,0.17
4,4,13,2007,No significant offensive role,No significant defensive role,Carmelo Anthony,SF,DEN,65.0,65.0,10.6,22.4,2.3,0.268,20.1,0.499,0.489,7.1,8.7,0.808,2.2,3.8,6.0,1.1,3.8,1.2,0.4,3.6,3.1,28.9,22.1,0.552,0.103,0.391,6.6,11.1,8.9,19.2,1.5,0.7,12.1,33.4,5.2,2.1,7.3,0.14,3.2,-1.3,1.9,2.5,10.0,0.422,0.081,0.114,0.281,11.5,12.1,0.10199999999999998,0.13
5,5,15,2007,Creator/Facilitator,No significant defensive role,Gilbert Arenas,PG,WAS,74.0,73.0,8.7,20.9,7.9,0.351,13.0,0.459,0.484,8.2,9.7,0.844,0.8,3.7,4.6,1.9,6.0,1.9,0.2,3.2,3.4,28.4,24.0,0.565,0.377,0.464,2.3,11.1,6.6,27.2,2.4,0.3,11.2,31.4,9.3,1.5,10.8,0.177,5.5,-0.8,4.7,5.0,16.2,0.242,0.048,0.066,0.267,0.6,8.7,0.377,0.1
6,6,20,2007,Creator/Facilitator,No significant defensive role,Chucky Atkins,PG,MEM,75.0,23.0,4.1,9.5,4.1,0.379,5.5,0.474,0.515,3.4,4.1,0.81,0.2,1.6,1.9,2.7,4.6,0.7,0.1,1.7,1.8,13.2,17.4,0.58,0.428,0.435,1.0,7.0,4.0,27.9,1.2,0.1,13.0,21.4,5.1,-0.2,4.9,0.114,2.9,-2.5,0.4,1.2,15.5,0.291,0.059,0.059,0.164,0.0,17.0,0.42700000000000005,0.1
7,7,26,2007,Versatile Scorer,Perimeter Defender,Leandro Barbosa,SG,PHO,80.0,18.0,6.6,13.9,5.5,0.434,8.4,0.504,0.562,2.5,2.9,0.845,0.3,2.4,2.7,2.2,4.0,1.2,0.2,1.8,2.6,18.1,18.4,0.595,0.394,0.209,1.0,8.1,4.8,18.7,1.8,0.4,10.7,23.4,6.1,2.1,8.2,0.151,2.6,0.1,2.7,3.1,14.4,0.325,0.059,0.065,0.157,0.0,32.6,0.394,0.1
8,8,28,2007,No significant offensive role,No significant defensive role,Andrea Bargnani,PF,TOR,65.0,2.0,4.1,9.6,4.1,0.373,5.5,0.468,0.507,1.8,2.2,0.824,0.8,3.1,3.9,0.5,0.8,0.5,0.8,1.6,2.8,11.6,12.8,0.546,0.429,0.227,3.7,14.8,9.2,5.1,1.0,2.5,13.5,22.6,0.2,1.7,1.9,0.057,-1.1,-0.6,-1.8,0.1,17.1,0.19,0.05,0.11,0.221,4.6,2.6,0.42900000000000005,0.1
9,9,37,2007,Pure Shooter/Stretcher,No significant defensive role,Shane Battier,SF,HOU,82.0,82.0,3.6,8.0,4.5,0.421,3.4,0.48,0.567,1.1,1.4,0.779,0.8,3.3,4.1,2.3,2.1,1.0,0.7,0.9,2.3,10.1,12.0,0.589,0.57,0.173,2.6,10.4,6.5,9.2,1.4,1.5,9.3,12.1,4.4,4.6,9.0,0.144,0.3,2.0,2.3,3.2,16.7,0.159,0.165,0.055,0.05,0.2,55.800000000000004,0.571,0.2
10,10,38,2007,No significant offensive role,No significant defensive role,Charlie Bell,SG,MIL,82.0,64.0,5.2,11.9,4.4,0.352,7.5,0.488,0.503,1.6,2.0,0.78,0.7,2.2,2.9,2.3,3.0,1.2,0.0,1.3,2.6,13.5,13.1,0.53,0.371,0.172,2.3,7.6,4.9,13.6,1.8,0.1,9.0,18.3,3.6,0.4,4.0,0.068,-0.2,-1.1,-1.3,0.5,15.2,0.275,0.036,0.072,0.246,1.3,33.5,0.371,0.1
11,11,39,2007,Pure Shooter/Stretcher,No significant defensive role,Raja Bell,SG,PHO,78.0,78.0,5.3,12.2,6.4,0.413,5.8,0.452,0.539,1.5,1.9,0.776,0.6,2.6,3.2,2.3,2.5,0.6,0.3,1.1,3.0,14.7,12.0,0.562,0.522,0.16,2.0,7.7,5.0,9.5,0.9,0.5,7.5,17.0,4.2,1.6,5.8,0.095,0.5,-0.6,-0.1,1.4,19.2,0.12,0.033,0.061,0.264,0.4,37.5,0.522,0.2
12,12,40,2007,No significant offensive role,No significant defensive role,Mike Bibby,PG,SAC,82.0,82.0,5.7,14.2,5.9,0.36,8.4,0.435,0.478,3.5,4.2,0.83,0.5,2.7,3.2,2.0,4.7,1.1,0.1,2.4,1.7,17.1,16.0,0.532,0.413,0.298,1.6,9.6,5.5,24.3,1.6,0.2,13.0,24.5,2.9,1.5,4.4,0.076,1.8,-1.4,0.4,1.7,18.9,0.108,0.051,0.04,0.389,0.0,12.1,0.4119999999999999,0.2
13,13,41,2007,Paint Threat,Switchable Defender,Andris Biedriņš,C,GSW,82.0,63.0,4.2,7.1,0.0,,7.1,0.599,0.599,1.1,2.0,0.521,3.1,6.2,9.3,0.7,1.1,0.8,1.7,1.5,3.7,9.5,16.2,0.598,0.0,0.287,11.3,24.0,17.5,5.4,1.4,4.3,15.4,13.8,3.5,3.3,6.7,0.136,-1.0,0.6,-0.3,1.0,1.9,0.744,0.251,0.003,0.002,13.100000000000001,,0.0,0.3
14,14,42,2007,Creator/Facilitator,Perimeter Defender,Chauncey Billups,PG,DET,70.0,70.0,5.0,11.6,4.5,0.345,7.1,0.479,0.494,5.5,6.2,0.883,0.3,3.1,3.4,3.6,7.2,1.2,0.2,2.0,2.3,17.0,21.3,0.591,0.388,0.536,1.1,10.0,5.6,32.9,1.8,0.5,12.2,21.5,8.7,2.7,11.4,0.216,4.2,0.5,4.7,4.3,16.9,0.18,0.042,0.136,0.254,0.1,14.899999999999999,0.388,0.1
15,15,44,2007,No significant offensive role,No significant defensive role,Steve Blake,PG,TOT,82.0,42.0,2.5,6.2,2.5,0.322,3.7,0.472,0.476,0.5,0.8,0.672,0.3,1.8,2.1,3.1,5.0,0.7,0.1,1.6,1.5,6.4,9.9,0.491,0.409,0.126,1.1,7.5,4.3,26.1,1.4,0.3,19.4,13.0,1.0,1.1,2.1,0.045,-1.3,-0.7,-2.0,0.0,18.9,0.118,0.045,0.079,0.35,0.2,29.299999999999997,0.40800000000000003,0.2
16,16,49,2007,No significant offensive role,No significant defensive role,Mark Blount,C,MIN,82.0,81.0,5.2,10.2,0.4,0.29,9.9,0.517,0.514,1.8,2.4,0.754,1.7,4.5,6.2,0.4,0.8,0.5,0.7,1.9,2.9,12.3,12.7,0.546,0.037,0.232,6.6,16.9,11.9,4.5,0.9,1.8,14.7,19.8,0.6,2.2,2.8,0.052,-2.2,-0.9,-3.1,-0.7,11.9,0.281,0.104,0.147,0.431,6.0,32.300000000000004,0.03699999999999992,0.1
17,17,51,2007,Paint Threat,Rebounding Specialist,Andrew Bogut,C,MIL,66.0,66.0,5.3,9.5,0.1,0.2,9.5,0.556,0.554,1.7,2.9,0.577,2.5,6.3,8.8,1.3,3.0,0.7,0.5,2.3,3.3,12.3,15.5,0.566,0.008,0.308,8.7,21.9,15.2,13.9,1.1,1.2,17.4,17.3,2.6,1.4,4.0,0.085,0.2,-0.2,0.0,1.2,4.4,0.599,0.223,0.1,0.07,10.299999999999999,0.0,0.008000000000000007,0.2
18,18,55,2007,Slasher,Switchable Defender,Carlos Boozer,PF,UTA,74.0,74.0,8.7,15.6,0.0,,15.6,0.561,0.561,3.4,5.0,0.685,3.2,8.5,11.7,1.2,3.0,0.9,0.3,2.6,2.9,20.9,24.1,0.588,0.0,0.322,11.2,29.9,20.6,16.6,1.4,0.7,12.8,26.5,6.5,3.4,9.9,0.185,4.4,0.2,4.6,4.3,6.9,0.462,0.166,0.194,0.178,6.5,,0.0,0.2
19,19,56,2007,Slasher,Rebounding Specialist,Chris Bosh*,C,TOR,69.0,69.0,7.9,15.9,0.5,0.343,15.3,0.501,0.502,6.7,8.6,0.785,2.7,8.0,10.7,1.0,2.5,0.6,1.3,2.6,2.4,22.6,22.6,0.577,0.032,0.539,8.1,24.8,16.4,11.7,0.8,2.6,11.7,26.7,6.1,3.5,9.6,0.174,2.8,-0.1,2.7,3.1,9.7,0.348,0.158,0.157,0.304,9.3,5.7,0.03299999999999992,0.1
20,20,57,2007,No significant offensive role,No significant defensive role,Bruce Bowen,SF,SAS,82.0,82.0,2.3,5.7,2.8,0.384,2.9,0.426,0.5,0.5,0.9,0.589,0.3,2.4,2.7,1.7,1.4,0.8,0.3,0.8,2.1,6.2,7.1,0.511,0.497,0.156,1.2,9.4,5.5,7.0,1.3,0.7,11.5,10.9,0.4,3.6,4.1,0.079,-2.5,1.4,-1.1,0.6,18.2,0.122,0.049,0.075,0.257,0.2,84.1,0.497,0.2
21,21,58,2007,No significant offensive role,No significant defensive role,Earl Boykins,PG,TOT,66.0,23.0,4.9,11.7,3.6,0.397,8.0,0.43,0.482,3.3,3.7,0.898,0.7,1.4,2.1,2.4,4.4,0.8,0.0,1.8,1.4,14.6,16.2,0.548,0.311,0.319,2.8,5.1,4.0,22.7,1.4,0.1,12.0,21.6,4.1,0.4,4.5,0.105,2.1,-1.7,0.4,1.3,15.0,0.178,0.124,0.165,0.222,0.0,18.4,0.31100000000000005,0.1
22,22,62,2007,Versatile Scorer,No significant defensive role,Elton Brand,PF,LAC,80.0,80.0,8.1,15.1,0.0,1.0,15.1,0.532,0.533,4.4,5.8,0.761,3.4,6.0,9.3,1.2,2.9,1.0,2.2,2.5,3.0,20.5,23.1,0.581,0.001,0.381,10.5,18.3,14.5,14.7,1.3,4.5,12.5,24.3,7.2,4.3,11.5,0.18,3.4,0.8,4.2,4.8,9.1,0.265,0.226,0.339,0.168,5.1,0.0,0.0019999999999998908,0.1
23,23,67,2007,No significant offensive role,No significant defensive role,Devin Brown,SG,NOK,58.0,49.0,4.0,9.6,3.9,0.357,5.7,0.463,0.493,2.1,2.7,0.794,0.9,3.4,4.3,1.6,2.6,0.8,0.2,1.6,2.4,11.6,14.3,0.538,0.409,0.279,3.7,13.9,8.7,14.8,1.4,0.4,12.7,19.6,2.1,1.5,3.5,0.102,0.2,-0.1,0.1,0.9,14.3,0.286,0.119,0.061,0.124,2.3,20.3,0.41000000000000003,0.1
24,24,69,2007,Paint Threat,Perimeter Defender,Kwame Brown,C,LAL,41.0,28.0,3.5,5.9,0.0,0.0,5.9,0.593,0.591,1.4,3.3,0.44,2.0,4.0,6.0,0.9,1.8,1.0,1.2,1.9,3.0,8.4,13.7,0.573,0.004,0.554,8.4,16.7,12.6,10.2,1.8,3.3,20.2,15.0,0.7,1.2,1.9,0.08,-1.1,0.8,-0.3,0.5,1.7,0.76,0.223,0.008,0.004,16.900000000000002,0.0,0.0050000000000000044,0.3
25,25,72,2007,Creator/Facilitator,No significant defensive role,Kobe Bryant*,SG,LAL,77.0,77.0,10.6,22.8,5.2,0.344,17.6,0.497,0.502,8.7,10.0,0.868,1.0,4.7,5.7,1.6,5.4,1.4,0.5,3.3,2.7,31.6,26.1,0.58,0.227,0.437,2.8,13.5,8.2,25.5,1.8,0.9,10.9,33.6,10.8,2.2,13.0,0.199,6.4,-0.5,5.9,6.1,14.5,0.223,0.09,0.14,0.321,3.8,8.0,0.22599999999999998,0.1
26,26,75,2007,Versatile Scorer,No significant defensive role,Caron Butler,SF,WAS,63.0,63.0,7.2,15.5,1.1,0.25,14.3,0.48,0.472,4.5,5.2,0.863,2.3,5.1,7.4,1.3,3.7,2.1,0.3,2.9,3.0,19.1,18.3,0.537,0.074,0.336,6.6,15.3,10.8,15.9,2.8,0.5,13.9,23.1,3.4,1.9,5.3,0.103,1.1,-0.2,0.9,1.8,11.7,0.314,0.127,0.085,0.4,5.8999999999999995,20.8,0.07399999999999995,0.1
27,27,77,2007,No significant offensive role,No significant defensive role,Rasual Butler,SF,NOK,81.0,38.0,3.9,9.7,4.5,0.369,5.2,0.424,0.484,0.7,1.1,0.644,0.5,2.6,3.2,1.0,0.8,0.5,0.7,0.8,1.8,10.1,10.8,0.495,0.461,0.11,2.1,11.4,6.7,4.7,1.0,1.9,7.5,18.3,0.8,1.8,2.6,0.056,-0.5,-0.4,-0.9,0.6,18.0,0.117,0.055,0.127,0.241,1.6,25.6,0.45999999999999996,0.1
28,28,80,2007,No significant offensive role,Paint Protector,Marcus Camby,C,DEN,70.0,70.0,4.5,9.4,0.0,0.0,9.4,0.475,0.473,2.3,3.2,0.729,2.3,9.3,11.7,1.9,3.2,1.2,3.3,1.7,2.6,11.2,19.1,0.519,0.003,0.335,7.9,30.5,19.4,14.1,1.8,7.0,13.9,15.9,2.5,5.1,7.6,0.155,0.8,3.9,4.7,4.0,9.0,0.407,0.135,0.114,0.341,10.299999999999999,100.0,0.0029999999999998916,0.2
29,29,83,2007,No significant offensive role,No significant defensive role,Matt Carroll,SG,CHA,72.0,47.0,4.0,9.1,3.7,0.416,5.4,0.445,0.517,2.6,2.9,0.904,0.5,2.4,2.9,1.3,1.3,0.7,0.1,1.0,2.4,12.1,14.6,0.58,0.406,0.316,2.1,11.2,6.5,8.2,1.5,0.4,8.9,19.9,3.4,1.2,4.6,0.117,0.9,-0.6,0.3,1.1,16.9,0.16,0.064,0.082,0.289,0.2,50.9,0.405,0.1
30,30,85,2007,Creator/Facilitator,No significant defensive role,Vince Carter,SG,NJN,82.0,82.0,8.9,19.5,5.3,0.357,14.2,0.491,0.503,5.6,7.0,0.802,1.4,4.6,6.0,1.8,4.8,1.0,0.4,2.6,3.2,25.2,21.8,0.559,0.273,0.36,4.3,14.2,9.3,25.1,1.4,0.8,10.5,30.8,7.4,3.1,10.5,0.161,4.3,-0.4,3.9,4.6,12.9,0.331,0.109,0.064,0.223,5.7,11.899999999999999,0.273,0.1
31,31,86,2007,Creator/Facilitator,No significant defensive role,Sam Cassell,PG,LAC,58.0,30.0,4.5,10.8,1.9,0.294,8.9,0.444,0.443,2.8,3.1,0.879,0.5,2.4,2.9,2.8,4.7,0.5,0.1,1.7,2.2,12.3,17.1,0.506,0.174,0.291,2.3,11.8,7.1,35.3,1.1,0.4,12.5,26.5,1.7,1.0,2.8,0.095,1.4,-1.3,0.1,0.8,15.1,0.115,0.101,0.258,0.352,0.0,8.3,0.17399999999999993,0.1
32,32,88,2007,Paint Threat,Paint Protector,Tyson Chandler,C,NOK,73.0,73.0,4.0,6.4,0.0,0.0,6.4,0.625,0.624,1.5,2.8,0.527,4.4,8.0,12.4,0.5,0.9,0.5,1.8,1.7,3.3,9.5,17.0,0.62,0.002,0.429,14.3,27.3,20.7,4.1,0.8,4.1,18.5,12.3,4.1,3.8,7.9,0.15,-0.1,0.7,0.6,1.6,2.4,0.69,0.25,0.047,0.011,29.5,0.0,0.0020000000000000018,0.3
33,33,90,2007,Paint Threat,No significant defensive role,Josh Childress,SG,ATL,55.0,13.0,4.7,9.4,1.4,0.338,8.0,0.533,0.529,3.0,3.8,0.795,2.2,3.9,6.2,1.5,2.3,1.1,0.7,1.5,2.1,13.0,16.2,0.586,0.149,0.405,7.2,13.1,10.1,10.8,1.5,1.4,11.6,15.7,4.1,1.4,5.5,0.13,1.9,-0.2,1.7,1.9,7.3,0.616,0.052,0.05,0.133,10.6,68.8,0.1489999999999999,0.2
34,34,92,2007,No significant offensive role,Perimeter Defender,Speedy Claxton,PG,ATL,42.0,31.0,2.2,6.6,0.7,0.214,6.0,0.34,0.338,0.8,1.4,0.55,0.3,1.6,1.9,2.4,4.4,1.7,0.1,1.8,3.1,5.3,7.3,0.363,0.101,0.216,1.4,8.0,4.6,28.1,3.6,0.3,19.8,16.6,-1.8,1.0,-0.7,-0.034,-5.4,0.9,-4.5,-0.7,13.2,0.227,0.129,0.147,0.396,0.0,21.4,0.10099999999999998,0.1
35,35,96,2007,Slasher,Rebounding Specialist,Nick Collison,C,SEA,82.0,56.0,3.9,7.8,0.0,0.0,7.7,0.502,0.5,1.9,2.4,0.774,2.8,5.3,8.1,0.7,1.0,0.6,0.8,1.5,3.5,9.6,14.2,0.546,0.003,0.313,11.4,22.2,16.8,5.4,1.1,2.1,14.5,16.2,2.8,1.8,4.6,0.093,-1.4,-1.0,-2.4,-0.3,5.2,0.549,0.204,0.127,0.116,10.7,0.0,0.0040000000000000036,0.2
36,36,101,2007,Versatile Scorer,No significant defensive role,Jamal Crawford,SG,NYK,59.0,36.0,6.0,15.0,5.5,0.32,9.6,0.445,0.458,3.9,4.6,0.838,0.7,2.5,3.2,1.6,4.4,1.0,0.1,2.7,1.9,17.6,14.5,0.517,0.363,0.307,2.4,7.8,5.1,20.9,1.4,0.3,13.9,24.1,2.3,0.9,3.1,0.069,1.2,-1.7,-0.5,0.8,15.2,0.213,0.119,0.097,0.208,1.2,29.2,0.3630000000000001,0.1
37,37,103,2007,Paint Threat,No significant defensive role,Eddy Curry,C,NYK,81.0,81.0,7.2,12.5,0.0,1.0,12.5,0.575,0.576,5.0,8.1,0.615,2.4,4.6,7.0,0.2,0.8,0.4,0.5,3.6,3.3,19.5,17.0,0.603,0.001,0.649,8.2,15.5,11.9,4.6,0.6,1.1,18.4,25.5,3.1,1.6,4.7,0.079,-0.1,-1.8,-1.8,0.1,2.6,0.63,0.333,0.031,0.006,13.600000000000001,100.0,0.0,0.2
38,38,104,2007,Slasher,Switchable Defender,Samuel Dalembert,C,PHI,82.0,82.0,4.3,8.0,0.0,0.0,8.0,0.543,0.541,2.0,2.7,0.746,2.9,6.0,8.9,0.4,0.8,0.6,1.9,2.0,3.5,10.7,16.1,0.581,0.003,0.34,11.3,23.3,17.4,4.2,1.0,4.8,17.5,16.7,2.5,3.6,6.2,0.117,-1.2,0.7,-0.5,0.9,6.4,0.468,0.188,0.242,0.099,15.5,0.0,0.0030000000000000027,0.2
39,39,105,2007,Paint Threat,Rebounding Specialist,Erick Dampier,C,DAL,76.0,73.0,2.8,4.4,0.0,,4.4,0.626,0.626,1.6,2.5,0.623,2.9,4.6,7.4,0.4,0.6,0.3,1.1,1.4,3.1,7.1,14.9,0.642,0.0,0.572,14.0,21.5,17.8,3.5,0.7,3.3,20.4,12.8,3.3,3.1,6.4,0.16,-0.5,0.7,0.2,1.1,1.2,0.79,0.207,0.003,0.0,28.4,,0.0,0.3
40,40,108,2007,Creator/Facilitator,Perimeter Defender,Baron Davis,PG,GSW,63.0,62.0,7.2,16.3,4.4,0.304,11.9,0.489,0.48,4.4,5.9,0.745,0.8,3.6,4.4,2.6,8.1,2.1,0.5,3.1,2.9,20.1,21.0,0.53,0.272,0.358,2.5,11.3,6.8,36.9,2.9,1.0,13.9,26.5,4.1,2.3,6.4,0.139,3.1,0.5,3.6,3.2,12.5,0.319,0.148,0.123,0.138,1.6,14.6,0.272,0.1
41,41,111,2007,Versatile Scorer,No significant defensive role,Ricky Davis,SF,MIN,81.0,81.0,6.2,13.4,3.8,0.397,9.6,0.492,0.521,3.0,3.5,0.839,0.7,3.2,3.9,1.8,4.8,1.0,0.3,2.6,2.3,17.0,15.9,0.566,0.285,0.262,2.2,10.1,6.2,21.9,1.4,0.6,14.7,21.9,3.9,1.9,5.7,0.091,1.2,-0.7,0.5,1.8,16.3,0.18,0.046,0.129,0.36,3.5000000000000004,28.4,0.28500000000000003,0.1
42,42,114,2007,Slasher,Perimeter Defender,Luol Deng,SF,CHI,82.0,82.0,7.7,14.9,0.1,0.143,14.8,0.519,0.518,3.4,4.4,0.777,1.8,5.3,7.1,1.3,2.5,1.2,0.6,1.9,2.0,18.8,18.7,0.56,0.006,0.295,5.5,15.9,10.8,11.8,1.6,1.2,10.0,22.2,5.7,5.6,11.3,0.176,1.7,1.3,3.0,3.9,10.3,0.369,0.105,0.103,0.418,7.6,28.599999999999998,0.0050000000000001155,0.2
43,43,115,2007,Slasher,No significant defensive role,Boris Diaw,PF,PHO,73.0,59.0,4.2,7.8,0.6,0.333,7.2,0.555,0.551,1.1,1.6,0.683,1.2,3.1,4.3,2.3,4.8,0.4,0.5,2.1,2.4,9.7,13.0,0.57,0.079,0.211,4.9,11.0,8.1,21.7,0.6,1.2,19.9,15.4,3.0,1.5,4.6,0.097,0.3,0.2,0.4,1.4,9.8,0.385,0.163,0.084,0.288,4.0,55.60000000000001,0.08000000000000007,0.1
44,44,129,2007,No significant offensive role,Perimeter Defender,Chris Duhon,PG,CHI,78.0,30.0,2.5,6.2,3.1,0.359,3.1,0.458,0.499,1.0,1.3,0.752,0.3,1.9,2.2,3.1,4.0,0.9,0.1,1.3,1.9,7.2,11.9,0.529,0.507,0.209,1.4,8.7,5.1,24.4,1.9,0.2,16.6,14.8,1.9,3.0,4.8,0.121,-0.9,1.3,0.5,1.2,16.0,0.29,0.058,0.039,0.106,0.2,24.9,0.5070000000000001,0.2
45,45,130,2007,Slasher,Paint Protector,Tim Duncan*,C,SAS,80.0,80.0,7.7,14.1,0.1,0.111,14.0,0.55,0.547,4.5,7.1,0.637,2.7,7.9,10.6,1.2,3.4,0.8,2.4,2.8,2.5,20.0,26.1,0.579,0.008,0.502,9.8,27.0,18.8,18.8,1.3,5.1,14.0,27.9,6.3,6.8,13.0,0.23,3.8,3.2,7.0,6.2,6.6,0.395,0.34,0.161,0.095,4.7,22.2,0.008999999999999897,0.2
46,46,131,2007,No significant offensive role,Perimeter Defender,Mike Dunleavy,SG-PF,TOT,82.0,49.0,4.7,10.4,2.7,0.313,7.6,0.502,0.493,2.6,3.3,0.784,1.0,4.2,5.3,1.6,2.8,1.0,0.3,1.8,2.5,12.8,14.1,0.542,0.264,0.316,3.6,15.5,9.4,14.2,1.6,0.6,13.3,19.0,2.6,2.5,5.1,0.095,-0.3,0.3,0.0,1.3,14.9,0.216,0.099,0.1,0.321,2.1,27.200000000000003,0.264,0.1
47,47,135,2007,Slasher,No significant defensive role,Monta Ellis,SG,GSW,77.0,53.0,6.2,13.1,1.9,0.273,11.3,0.509,0.495,3.5,4.6,0.763,0.8,2.4,3.2,1.4,4.1,1.7,0.3,2.9,2.7,16.5,15.0,0.545,0.142,0.354,2.5,7.7,5.1,18.8,2.4,0.6,15.9,22.4,2.0,1.9,4.0,0.072,-0.9,-0.2,-1.1,0.6,10.5,0.386,0.128,0.095,0.25,4.9,43.4,0.14100000000000001,0.1
48,48,146,2007,Creator/Facilitator,No significant defensive role,Raymond Felton,PG,CHA,78.0,75.0,5.0,13.1,4.0,0.33,9.1,0.407,0.434,2.6,3.3,0.797,0.7,2.8,3.4,2.4,7.0,1.5,0.1,2.9,2.3,14.0,13.5,0.481,0.305,0.25,2.1,9.3,5.6,32.0,2.2,0.3,16.8,21.9,0.2,2.1,2.3,0.039,0.0,-0.7,-0.8,0.9,13.9,0.329,0.069,0.045,0.252,0.2,11.899999999999999,0.30499999999999994,0.1
49,49,148,2007,No significant offensive role,No significant defensive role,Derek Fisher,SG,UTA,82.0,61.0,3.1,8.2,1.9,0.308,6.3,0.405,0.418,3.2,3.7,0.853,0.4,1.5,1.8,2.2,3.3,1.0,0.1,1.5,2.9,10.1,11.4,0.51,0.231,0.455,1.6,6.3,4.0,18.1,1.9,0.2,12.9,18.2,2.4,1.5,3.9,0.083,-1.7,0.0,-1.6,0.2,15.1,0.253,0.053,0.065,0.397,0.0,28.199999999999996,0.23199999999999998,0.1
50,50,149,2007,Creator/Facilitator,No significant defensive role,T.J. Ford,PG,TOR,75.0,71.0,5.2,12.0,0.9,0.304,11.1,0.447,0.447,3.2,3.9,0.819,0.7,2.4,3.1,2.5,7.9,1.3,0.1,3.1,2.5,14.0,18.2,0.508,0.076,0.325,2.7,9.7,6.2,44.8,2.3,0.3,18.3,26.1,2.0,2.3,4.3,0.091,1.4,-0.5,0.9,1.6,11.2,0.305,0.116,0.206,0.296,0.4,26.1,0.07699999999999996,0.1
51,51,154,2007,No significant offensive role,Perimeter Defender,Steve Francis,SG,NYK,44.0,30.0,3.2,7.8,2.5,0.378,5.3,0.422,0.469,4.0,4.8,0.829,0.8,2.8,3.6,1.7,3.9,0.9,0.3,2.3,2.9,11.3,15.1,0.57,0.324,0.615,3.2,11.8,7.5,22.4,1.8,0.8,18.7,19.7,2.0,0.9,2.9,0.113,0.6,0.2,0.7,0.9,14.2,0.321,0.029,0.064,0.262,0.6,36.9,0.32399999999999995,0.1
52,52,156,2007,No significant offensive role,No significant defensive role,Channing Frye,PF,NYK,72.0,59.0,4.1,9.6,0.3,0.167,9.3,0.44,0.435,1.2,1.5,0.787,1.3,4.2,5.5,0.6,0.9,0.5,0.6,1.4,3.0,9.5,10.5,0.464,0.026,0.157,5.8,18.9,12.4,6.2,1.0,1.8,12.0,20.0,-0.6,1.6,0.9,0.024,-3.4,-0.6,-4.0,-0.9,13.3,0.149,0.168,0.184,0.472,2.1999999999999997,33.300000000000004,0.027000000000000024,0.2
53,53,158,2007,No significant offensive role,Perimeter Defender,Jorge Garbajosa,PF,TOR,67.0,60.0,3.3,7.9,2.9,0.342,5.0,0.464,0.482,0.9,1.2,0.731,0.7,4.2,4.9,1.9,1.9,1.2,0.2,1.0,1.3,8.5,12.1,0.503,0.365,0.147,2.9,17.5,10.2,10.1,2.1,0.6,10.2,15.2,0.6,2.4,3.0,0.074,-0.8,1.1,0.3,1.1,18.3,0.113,0.059,0.049,0.414,0.4,23.799999999999997,0.365,0.2
54,54,160,2007,Versatile Scorer,Paint Protector,Kevin Garnett*,PF,MIN,76.0,76.0,8.4,17.6,0.7,0.214,16.9,0.487,0.48,5.5,6.6,0.835,2.4,10.4,12.8,1.5,4.1,1.2,1.7,2.7,2.4,22.4,24.1,0.546,0.042,0.371,7.5,30.8,19.5,19.5,1.6,3.2,11.6,27.4,5.7,4.9,10.7,0.171,3.8,1.7,5.4,5.5,11.8,0.211,0.187,0.245,0.315,4.9,0.0,0.04200000000000004,0.1
55,55,163,2007,Slasher,Rebounding Specialist,Pau Gasol*,C,MEM,59.0,59.0,7.8,14.5,0.2,0.273,14.4,0.542,0.54,5.1,6.8,0.748,2.5,7.3,9.8,1.3,3.4,0.5,2.1,2.7,2.3,20.8,24.1,0.593,0.013,0.466,8.3,24.2,16.3,17.7,0.7,4.5,13.5,25.3,5.4,1.5,6.9,0.155,3.7,-0.1,3.6,3.0,7.2,0.365,0.323,0.161,0.139,9.9,18.2,0.01200000000000001,0.1
56,56,164,2007,No significant offensive role,No significant defensive role,Rudy Gay,SF,MEM,78.0,43.0,4.1,9.7,1.8,0.364,7.9,0.436,0.457,1.9,2.7,0.727,1.2,3.3,4.5,0.7,1.3,0.9,0.9,1.8,2.5,10.8,12.4,0.497,0.188,0.275,5.3,14.5,9.9,8.0,1.7,2.7,14.1,21.3,-0.5,1.0,0.5,0.011,-1.5,-0.7,-2.2,-0.1,12.2,0.292,0.157,0.122,0.241,10.100000000000001,30.8,0.18800000000000006,0.1
57,57,168,2007,Slasher,Perimeter Defender,Manu Ginóbili*,SG,SAS,75.0,36.0,5.3,11.4,4.3,0.396,7.1,0.505,0.539,4.3,5.0,0.86,0.8,3.6,4.4,1.7,3.5,1.5,0.4,2.1,2.1,16.5,24.1,0.609,0.378,0.436,3.6,15.1,9.6,22.6,2.8,1.0,13.4,27.1,6.3,4.3,10.6,0.246,5.3,2.5,7.8,5.1,13.5,0.307,0.128,0.083,0.104,1.3,22.6,0.378,0.1
58,58,171,2007,No significant offensive role,No significant defensive role,Ryan Gomes,PF,BOS,73.0,60.0,4.6,9.9,0.6,0.381,9.3,0.473,0.479,2.6,3.2,0.811,1.7,3.9,5.6,1.1,1.6,0.7,0.2,1.4,2.3,12.1,13.7,0.534,0.058,0.322,6.4,15.2,10.7,9.2,1.1,0.4,11.3,18.5,2.5,1.7,4.2,0.089,-0.4,-1.0,-1.4,0.3,12.4,0.284,0.083,0.142,0.433,0.4,38.1,0.05800000000000005,0.1
59,59,172,2007,No significant offensive role,Rebounding Specialist,Drew Gooden,PF,CLE,80.0,80.0,4.6,9.8,0.1,0.167,9.7,0.476,0.474,1.8,2.5,0.714,3.3,5.2,8.5,0.8,1.1,0.9,0.4,1.4,2.6,11.1,16.5,0.508,0.008,0.254,13.3,22.3,17.7,6.7,1.7,1.0,11.7,20.0,2.4,4.1,6.5,0.139,-0.2,0.0,-0.2,1.0,9.5,0.286,0.217,0.27,0.219,7.000000000000001,50.0,0.008000000000000007,0.1
60,60,173,2007,Versatile Scorer,No significant defensive role,Ben Gordon,SG,CHI,82.0,51.0,7.4,16.3,4.6,0.413,11.7,0.471,0.513,4.6,5.4,0.864,0.4,2.7,3.1,1.2,3.6,0.8,0.2,3.0,3.1,21.4,18.2,0.572,0.28,0.329,1.5,9.3,5.4,20.1,1.2,0.5,14.0,29.3,4.7,3.9,8.6,0.152,2.5,-0.1,2.4,3.0,16.5,0.147,0.07,0.116,0.387,0.2,25.900000000000002,0.28,0.1
61,61,176,2007,No significant offensive role,No significant defensive role,Danny Granger,SF,IND,82.0,57.0,4.9,10.6,3.5,0.382,7.1,0.497,0.522,2.9,3.6,0.803,1.4,3.3,4.6,0.9,1.4,0.8,0.7,1.6,3.0,13.9,13.9,0.573,0.332,0.339,4.6,11.3,7.9,7.0,1.2,1.7,11.9,18.2,3.9,2.6,6.5,0.111,0.4,-0.1,0.2,1.5,14.9,0.236,0.106,0.078,0.248,3.9,34.699999999999996,0.3320000000000001,0.1
62,62,178,2007,No significant offensive role,No significant defensive role,Willie Green,SG,PHI,74.0,36.0,4.8,11.7,2.1,0.325,9.6,0.43,0.441,1.0,1.5,0.667,0.6,1.6,2.1,1.1,1.5,0.8,0.1,1.4,1.9,11.3,10.3,0.458,0.181,0.128,2.7,7.5,5.1,11.2,1.6,0.2,10.4,25.7,-1.8,1.1,-0.7,-0.018,-2.9,-1.8,-4.7,-1.2,13.6,0.225,0.119,0.175,0.301,1.7999999999999998,18.5,0.18000000000000016,0.1
63,63,185,2007,Versatile Scorer,No significant defensive role,Richard Hamilton,SG,DET,75.0,75.0,7.3,15.6,1.7,0.341,13.9,0.483,0.486,4.6,5.4,0.861,1.0,2.8,3.8,1.8,3.8,0.8,0.2,2.1,3.1,19.8,18.1,0.551,0.11,0.344,3.2,8.9,6.1,19.0,1.2,0.4,10.6,25.9,5.7,2.4,8.1,0.141,1.8,-0.5,1.2,2.2,11.8,0.26,0.112,0.25,0.268,0.7000000000000001,56.599999999999994,0.10999999999999999,0.1
64,64,186,2007,Slasher,No significant defensive role,Matt Harpring,SF,UTA,77.0,2.0,4.2,8.5,0.5,0.333,8.0,0.501,0.501,3.1,4.0,0.767,1.5,3.1,4.6,0.9,1.3,0.7,0.1,1.5,3.0,11.6,14.7,0.564,0.059,0.471,7.3,14.6,10.9,8.2,1.4,0.5,13.0,20.8,3.1,1.6,4.7,0.115,-0.4,-0.7,-1.0,0.5,9.8,0.38,0.102,0.184,0.274,0.5,71.8,0.06000000000000005,0.1
65,65,187,2007,Versatile Scorer,No significant defensive role,Al Harrington,PF,TOT,78.0,78.0,6.3,13.9,3.8,0.433,10.1,0.466,0.516,2.2,3.1,0.694,1.9,4.4,6.4,0.9,1.9,0.8,0.3,2.2,3.4,16.5,14.8,0.54,0.271,0.223,6.5,15.4,10.9,9.8,1.3,0.7,12.4,23.1,2.0,2.2,4.3,0.08,0.3,-1.2,-0.9,0.7,12.5,0.343,0.102,0.11,0.174,4.7,24.6,0.2709999999999999,0.1
66,66,192,2007,Slasher,Perimeter Defender,Devin Harris,PG,DAL,80.0,61.0,3.7,7.4,0.6,0.28,6.8,0.512,0.504,2.7,3.3,0.824,0.6,1.9,2.5,2.1,3.7,1.2,0.3,1.8,3.0,10.2,16.0,0.574,0.084,0.44,2.7,8.5,5.7,22.9,2.5,0.8,17.1,19.1,3.7,2.9,6.5,0.151,-0.3,1.6,1.2,1.7,8.6,0.508,0.096,0.091,0.221,2.1999999999999997,24.0,0.08400000000000007,0.2
67,67,197,2007,No significant offensive role,Rebounding Specialist,Udonis Haslem,PF,MIA,79.0,79.0,4.5,9.1,0.1,0.0,9.0,0.495,0.492,1.7,2.6,0.68,2.4,5.9,8.3,0.9,1.2,0.6,0.3,1.4,3.0,10.7,13.7,0.523,0.006,0.283,9.2,21.6,15.5,6.6,1.1,0.8,12.0,17.5,2.0,3.1,5.1,0.099,-1.6,-0.8,-2.3,-0.2,9.6,0.343,0.107,0.244,0.3,5.4,0.0,0.006000000000000005,0.1
68,68,198,2007,No significant offensive role,No significant defensive role,Trenton Hassell,SG,MIN,76.0,68.0,2.9,5.8,0.3,0.24,5.5,0.505,0.497,0.9,1.2,0.783,1.1,2.1,3.2,2.5,2.7,0.3,0.3,1.1,1.9,6.7,9.7,0.529,0.056,0.208,4.6,8.4,6.5,14.0,0.5,0.9,14.2,11.8,1.8,0.8,2.6,0.056,-1.4,-0.5,-1.9,0.0,11.2,0.28,0.147,0.165,0.352,3.8,48.0,0.05599999999999994,0.1
69,69,202,2007,Pure Shooter/Stretcher,Perimeter Defender,Luther Head,SG,HOU,80.0,10.0,3.8,8.8,5.0,0.441,3.7,0.431,0.564,1.0,1.3,0.79,0.4,2.8,3.2,1.4,2.4,1.0,0.1,1.7,1.7,10.9,13.7,0.584,0.573,0.15,1.6,11.4,6.6,14.8,1.8,0.2,15.5,18.6,2.2,3.4,5.7,0.123,0.5,1.1,1.6,2.0,18.1,0.201,0.033,0.047,0.146,0.6,29.9,0.573,0.2
70,70,205,2007,Paint Threat,Perimeter Defender,Nenê,C,DEN,64.0,42.0,4.6,8.1,0.0,0.0,8.0,0.571,0.57,3.0,4.4,0.689,2.3,4.7,7.0,0.6,1.2,1.0,0.9,2.0,3.3,12.2,17.8,0.611,0.002,0.548,10.0,19.4,14.7,7.1,1.8,2.5,16.5,19.2,2.9,2.4,5.3,0.148,-0.3,0.7,0.3,1.0,3.8,0.636,0.194,0.097,0.072,23.400000000000002,0.0,0.0010000000000000009,0.2
71,71,206,2007,Versatile Scorer,Perimeter Defender,Grant Hill*,SG,ORL,65.0,64.0,5.3,10.2,0.2,0.167,10.0,0.525,0.52,3.8,5.0,0.765,0.8,2.8,3.6,1.0,2.1,0.9,0.4,2.2,2.2,14.4,16.3,0.582,0.018,0.491,3.3,11.0,7.3,12.3,1.6,1.0,15.2,21.8,2.9,2.3,5.1,0.123,0.7,0.4,1.1,1.6,9.8,0.379,0.071,0.223,0.309,2.1,50.0,0.018000000000000016,0.1
72,72,207,2007,Creator/Facilitator,Perimeter Defender,Kirk Hinrich,PG,CHI,80.0,80.0,5.9,13.3,4.2,0.415,9.1,0.463,0.514,3.0,3.6,0.835,0.4,3.0,3.4,2.6,6.3,1.3,0.3,2.4,3.4,16.6,17.0,0.559,0.318,0.268,1.3,9.7,5.5,29.2,1.8,0.6,13.9,21.6,5.5,4.6,10.1,0.171,1.7,1.1,2.8,3.5,16.4,0.184,0.059,0.108,0.331,0.0,15.7,0.31800000000000006,0.1
73,73,216,2007,Paint Threat,Paint Protector,Dwight Howard,C,ORL,82.0,82.0,6.4,10.6,0.0,0.5,10.6,0.603,0.603,4.8,8.1,0.586,3.5,8.8,12.3,0.5,1.9,0.9,1.9,3.9,3.0,17.6,21.1,0.619,0.002,0.763,11.8,28.9,20.5,9.5,1.2,4.2,21.4,22.7,3.9,5.8,9.7,0.154,1.7,1.1,2.8,3.7,2.7,0.627,0.331,0.037,0.003,31.2,0.0,0.0020000000000000018,0.2
74,74,217,2007,Versatile Scorer,Perimeter Defender,Josh Howard,SF,DAL,70.0,69.0,7.0,15.4,3.4,0.385,11.9,0.48,0.501,3.5,4.2,0.827,1.9,4.9,6.8,1.0,1.8,1.2,0.8,1.8,2.6,18.9,20.0,0.548,0.222,0.273,6.5,16.6,11.7,9.2,1.8,1.7,9.3,25.2,5.0,3.8,8.8,0.173,2.7,0.4,3.1,3.2,13.6,0.218,0.134,0.178,0.248,2.1,25.900000000000002,0.22199999999999998,0.0
75,75,218,2007,No significant offensive role,No significant defensive role,Juwan Howard,PF,HOU,80.0,38.0,3.9,8.3,0.0,,8.3,0.465,0.465,1.9,2.4,0.824,1.7,4.2,5.9,1.1,1.6,0.4,0.1,1.4,2.6,9.7,12.8,0.517,0.0,0.283,7.5,17.9,12.7,10.5,0.7,0.3,13.0,18.9,1.7,3.2,4.9,0.11,-2.2,0.3,-2.0,0.0,10.7,0.224,0.211,0.226,0.34,2.1,,-0.001000000000000112,0.1
76,76,220,2007,Versatile Scorer,Perimeter Defender,Larry Hughes,SG,CLE,70.0,68.0,5.4,13.6,3.2,0.333,10.4,0.42,0.439,3.0,4.4,0.676,0.6,3.2,3.8,1.7,3.7,1.3,0.4,2.2,2.3,14.9,12.1,0.48,0.233,0.324,1.8,10.4,6.0,16.4,1.8,0.8,12.4,21.7,0.1,3.8,3.9,0.073,-1.5,0.7,-0.8,0.8,14.3,0.226,0.093,0.125,0.323,0.8,23.9,0.23299999999999998,0.1
77,77,224,2007,Versatile Scorer,Perimeter Defender,Andre Iguodala,SG,PHI,76.0,76.0,5.8,13.0,2.0,0.31,11.0,0.472,0.471,5.9,7.3,0.82,1.0,4.7,5.7,1.7,5.7,2.0,0.4,3.4,2.6,18.2,18.1,0.562,0.156,0.556,3.0,14.0,8.5,23.8,2.6,0.8,17.5,22.6,4.1,3.6,7.7,0.12,1.3,1.1,2.4,3.4,11.9,0.367,0.054,0.107,0.315,12.6,24.5,0.15700000000000003,0.1
78,78,225,2007,No significant offensive role,Switchable Defender,Zydrunas Ilgauskas,C,CLE,78.0,78.0,4.9,10.2,0.0,0.0,10.2,0.486,0.485,2.0,2.5,0.807,3.1,4.6,7.7,0.9,1.6,0.6,1.3,1.8,3.3,11.9,18.0,0.527,0.001,0.242,12.9,20.0,16.4,10.2,1.2,3.6,13.8,21.7,2.6,4.0,6.6,0.148,-0.5,0.9,0.4,1.3,7.9,0.402,0.214,0.168,0.214,3.8,100.0,0.0020000000000000018,0.1
79,79,229,2007,Creator/Facilitator,No significant defensive role,Allen Iverson*,SG-PG,TOT,65.0,64.0,8.9,20.2,3.0,0.315,17.2,0.465,0.466,7.5,9.4,0.795,0.4,2.6,3.0,1.8,7.2,1.9,0.2,4.1,1.5,26.3,19.6,0.54,0.15,0.465,1.0,6.9,4.0,29.6,2.2,0.3,14.5,29.3,4.0,2.2,6.2,0.108,2.6,-0.8,1.8,2.6,11.9,0.274,0.13,0.204,0.241,0.2,17.299999999999997,0.15100000000000002,0.0
80,80,234,2007,No significant offensive role,No significant defensive role,Jarrett Jack,PG,POR,79.0,79.0,4.1,8.9,2.3,0.35,6.6,0.49,0.499,3.1,3.5,0.871,0.2,2.4,2.6,2.2,5.3,1.1,0.1,2.4,2.6,12.0,14.5,0.571,0.255,0.396,0.8,9.1,4.9,26.2,1.8,0.3,18.4,18.0,3.8,1.0,4.8,0.087,0.2,-0.9,-0.7,0.9,14.0,0.264,0.104,0.095,0.282,0.0,23.3,0.2550000000000001,0.1
81,81,240,2007,Versatile Scorer,No significant defensive role,Stephen Jackson,SF-SG,TOT,75.0,69.0,5.5,12.6,4.1,0.322,8.4,0.488,0.486,3.2,4.0,0.813,0.8,2.1,3.0,1.6,3.8,1.1,0.5,2.4,2.7,15.5,14.4,0.54,0.329,0.317,2.7,7.5,5.0,18.8,1.7,1.0,14.5,22.1,2.3,1.7,4.1,0.079,0.1,-0.7,-0.6,0.9,14.0,0.288,0.102,0.086,0.195,1.7000000000000002,26.400000000000002,0.32899999999999996,0.1
82,82,244,2007,Creator/Facilitator,Perimeter Defender,LeBron James,SF,CLE,78.0,78.0,9.9,20.8,4.0,0.319,16.8,0.513,0.507,6.3,9.0,0.698,1.1,5.7,6.7,1.9,6.0,1.6,0.7,3.2,2.2,27.3,24.5,0.552,0.191,0.432,3.0,16.6,9.6,29.1,2.1,1.3,11.5,31.0,8.0,5.7,13.7,0.206,5.9,2.2,8.1,8.1,12.2,0.333,0.125,0.111,0.241,6.800000000000001,14.499999999999998,0.18999999999999995,0.1
83,83,245,2007,No significant offensive role,No significant defensive role,Mike James,PG,MIN,82.0,65.0,3.6,8.6,2.6,0.372,6.0,0.445,0.479,1.9,2.2,0.837,0.3,1.7,2.0,2.2,3.6,0.7,0.1,1.6,2.1,10.1,13.3,0.528,0.306,0.262,1.5,7.8,4.7,23.7,1.4,0.3,14.1,20.5,1.8,1.1,2.8,0.065,-0.6,-1.0,-1.6,0.2,14.3,0.272,0.107,0.044,0.27,0.1,24.2,0.30699999999999994,0.1
84,84,246,2007,Versatile Scorer,No significant defensive role,Antawn Jamison,PF,WAS,70.0,70.0,7.3,16.3,5.4,0.364,10.9,0.492,0.51,3.2,4.4,0.736,1.9,6.1,8.0,1.3,1.9,1.1,0.5,1.5,2.8,19.8,18.4,0.545,0.333,0.27,5.6,19.0,12.1,8.8,1.5,1.0,7.5,22.8,5.2,1.6,6.8,0.123,2.7,-1.4,1.3,2.2,14.1,0.24,0.175,0.061,0.191,0.3,25.1,0.33299999999999996,0.1
85,85,251,2007,Slasher,Rebounding Specialist,Al Jefferson,C,BOS,69.0,60.0,6.6,12.8,0.0,0.0,12.8,0.514,0.514,2.9,4.3,0.681,3.4,7.5,11.0,0.6,1.3,0.7,1.5,2.0,3.4,16.0,19.8,0.547,0.001,0.334,12.0,27.4,19.5,7.2,1.1,3.5,11.8,22.4,3.3,3.3,6.6,0.137,1.0,-0.3,0.7,1.6,5.5,0.422,0.404,0.12,0.053,7.6,0.0,0.0009999999999998899,0.2
86,86,252,2007,Versatile Scorer,No significant defensive role,Richard Jefferson,SF,NJN,55.0,53.0,5.5,12.1,2.6,0.359,9.5,0.483,0.495,4.3,5.9,0.733,0.9,3.5,4.4,1.2,2.7,0.6,0.1,2.2,2.2,16.3,13.8,0.555,0.218,0.49,2.9,11.5,7.2,13.1,0.9,0.3,12.9,22.1,2.0,1.4,3.4,0.082,-0.3,-1.1,-1.4,0.3,12.0,0.361,0.08,0.071,0.271,8.7,43.4,0.21699999999999997,0.1
87,87,260,2007,Versatile Scorer,No significant defensive role,Joe Johnson,SG,ATL,57.0,57.0,9.4,20.0,5.5,0.381,14.5,0.504,0.523,4.1,5.5,0.748,0.9,3.3,4.2,1.4,4.4,1.1,0.2,3.1,2.0,25.0,19.5,0.558,0.274,0.276,2.7,9.6,6.1,21.8,1.4,0.4,12.1,28.3,4.1,1.0,5.1,0.105,4.2,-1.7,2.5,2.7,14.5,0.219,0.133,0.089,0.285,0.5,32.1,0.274,0.1
88,88,267,2007,No significant offensive role,Perimeter Defender,Eddie Jones,SG,TOT,64.0,41.0,2.8,6.6,3.5,0.351,3.1,0.5,0.514,0.9,1.2,0.787,0.5,2.5,3.0,2.4,1.7,1.1,0.2,0.7,1.9,7.7,12.3,0.542,0.526,0.178,2.3,11.6,7.1,10.9,2.2,0.5,9.4,14.7,1.7,1.4,3.1,0.094,-0.6,1.0,0.4,1.0,17.0,0.225,0.05,0.057,0.142,0.5,39.6,0.526,0.2
89,89,276,2007,No significant offensive role,Rebounding Specialist,Chris Kaman,C,LAC,75.0,66.0,3.9,8.7,0.0,0.0,8.7,0.452,0.451,2.2,3.0,0.741,2.1,5.7,7.8,0.6,1.1,0.5,1.5,2.0,3.3,10.1,12.9,0.502,0.002,0.344,8.9,23.3,16.2,6.1,1.0,4.1,16.4,19.0,-0.3,3.2,2.9,0.063,-3.0,0.0,-3.0,-0.5,5.2,0.399,0.439,0.129,0.032,2.0,0.0,0.0009999999999998899,0.2
90,90,277,2007,No significant offensive role,No significant defensive role,Jason Kapono,SF,MIA,67.0,35.0,4.1,8.4,3.1,0.514,5.3,0.482,0.59,1.0,1.1,0.892,0.4,2.3,2.7,1.2,1.2,0.6,0.0,1.0,2.0,10.9,13.8,0.613,0.373,0.131,1.8,10.0,6.0,7.9,1.1,0.1,10.5,17.9,2.9,1.3,4.2,0.114,0.5,-1.0,-0.5,0.7,19.0,0.055,0.046,0.115,0.41,0.0,43.8,0.374,0.2
91,91,279,2007,No significant offensive role,Perimeter Defender,Jason Kidd*,PG,NJN,80.0,80.0,4.6,11.4,4.5,0.343,6.8,0.448,0.475,2.2,2.9,0.778,1.7,6.5,8.2,3.4,9.2,1.6,0.3,2.7,1.8,13.0,19.4,0.516,0.398,0.253,5.5,20.8,13.2,41.4,2.3,0.6,17.4,19.4,5.1,4.1,9.3,0.152,3.1,1.5,4.7,4.9,16.2,0.239,0.039,0.08,0.244,0.0,19.1,0.398,0.1
92,92,281,2007,No significant offensive role,Perimeter Defender,Andrei Kirilenko,SF,UTA,70.0,70.0,2.8,6.0,1.1,0.213,4.9,0.528,0.49,2.5,3.4,0.728,1.3,3.4,4.7,1.5,2.9,1.1,2.1,1.9,2.5,8.3,14.3,0.558,0.179,0.572,5.2,14.3,9.8,14.5,1.9,5.8,20.5,14.4,1.6,2.9,4.4,0.104,0.7,3.1,3.8,3.0,9.7,0.488,0.067,0.057,0.208,12.2,24.0,0.18000000000000005,0.2
93,93,283,2007,No significant offensive role,Perimeter Defender,Brevin Knight,PG,CHA,45.0,25.0,3.4,8.1,0.4,0.056,7.7,0.438,0.42,2.3,2.8,0.805,0.3,2.2,2.6,3.1,6.6,1.5,0.1,2.1,2.5,9.1,14.3,0.487,0.05,0.353,1.3,9.7,5.3,37.5,2.7,0.2,18.5,18.4,0.7,1.1,1.8,0.07,-1.2,0.1,-1.0,0.3,15.2,0.16,0.055,0.118,0.617,0.0,16.7,0.050000000000000044,0.2
94,94,285,2007,Versatile Scorer,No significant defensive role,Kyle Korver,SF,PHI,74.0,1.0,5.0,11.4,4.1,0.43,7.3,0.446,0.518,2.6,2.8,0.914,0.4,3.1,3.5,0.9,1.4,0.8,0.3,1.6,2.5,14.4,14.2,0.569,0.363,0.247,1.6,12.0,6.8,8.0,1.3,0.7,11.1,21.3,2.9,1.7,4.6,0.097,0.7,-0.7,-0.1,1.1,18.3,0.099,0.032,0.15,0.355,0.4,19.5,0.364,0.1
95,95,286,2007,Slasher,No significant defensive role,Nenad Krstić,C,NJN,26.0,26.0,6.5,12.4,0.0,0.0,12.4,0.528,0.526,3.3,4.7,0.711,2.0,4.8,6.8,0.9,1.8,0.4,0.9,2.0,3.4,16.4,16.9,0.566,0.003,0.375,7.1,17.3,12.2,10.2,0.6,2.2,12.1,23.5,1.1,0.9,1.9,0.109,-0.2,-0.1,-0.3,0.4,8.7,0.344,0.251,0.099,0.303,2.5,0.0,0.0030000000000001137,0.1
96,96,290,2007,Paint Threat,Perimeter Defender,David Lee,PF,NYK,58.0,12.0,4.1,6.9,0.0,,6.9,0.6,0.6,2.4,3.0,0.815,3.4,7.0,10.4,1.1,1.8,0.8,0.4,1.6,2.7,10.7,20.2,0.652,0.0,0.433,13.6,27.6,20.7,10.2,1.5,1.1,16.2,14.9,4.8,2.1,6.9,0.191,2.8,0.2,3.0,2.2,3.3,0.725,0.143,0.03,0.103,15.299999999999999,,-0.001000000000000112,0.3
97,97,291,2007,Versatile Scorer,No significant defensive role,Rashard Lewis,SF,SEA,60.0,60.0,7.7,16.8,6.5,0.39,10.3,0.505,0.536,4.4,5.3,0.841,1.5,5.1,6.6,1.2,2.4,1.1,0.7,2.0,2.4,22.4,20.7,0.587,0.385,0.313,4.6,15.7,10.1,10.8,1.5,1.3,9.4,24.4,6.3,1.3,7.6,0.155,4.8,-0.7,4.1,3.6,15.1,0.176,0.179,0.138,0.121,4.3,22.0,0.386,0.1
98,98,293,2007,No significant offensive role,Perimeter Defender,Shaun Livingston,PG,LAC,54.0,31.0,3.9,8.3,0.3,0.313,8.0,0.469,0.469,1.5,2.1,0.707,1.0,2.4,3.4,2.6,5.1,1.1,0.5,2.0,2.5,9.3,13.7,0.503,0.036,0.258,4.2,9.4,6.8,28.3,1.9,1.4,17.8,17.4,0.9,1.6,2.4,0.072,-0.4,0.4,0.0,0.8,10.9,0.241,0.165,0.334,0.225,3.8,12.5,0.03500000000000003,0.1
99,99,296,2007,No significant offensive role,No significant defensive role,Tyronn Lue,PG,ATL,56.0,17.0,3.9,9.4,2.9,0.348,6.5,0.446,0.469,2.6,2.9,0.883,0.3,1.5,1.9,2.4,3.6,0.4,0.0,1.5,1.8,11.4,14.1,0.534,0.307,0.311,1.5,7.0,4.2,23.9,0.9,0.0,12.5,21.0,2.2,0.3,2.5,0.081,0.5,-2.4,-1.9,0.0,16.6,0.177,0.048,0.12,0.347,0.0,8.7,0.30800000000000005,0.1
100,100,298,2007,No significant offensive role,No significant defensive role,Corey Maggette,SF,LAC,75.0,31.0,4.9,10.8,0.9,0.2,9.9,0.476,0.462,6.9,8.4,0.82,1.2,4.7,5.9,1.0,2.8,0.9,0.2,2.7,3.3,16.9,18.6,0.583,0.08,0.783,4.7,18.2,11.5,15.9,1.5,0.5,15.6,26.0,4.5,2.5,7.0,0.146,1.0,-0.5,0.5,1.5,11.9,0.337,0.087,0.089,0.407,2.1999999999999997,6.2,0.08000000000000007,0.1
101,101,301,2007,Creator/Facilitator,No significant defensive role,Stephon Marbury,PG,NYK,74.0,74.0,5.3,12.9,4.7,0.357,8.2,0.448,0.48,4.0,5.2,0.769,0.5,2.4,2.9,2.3,5.4,1.0,0.1,2.4,2.5,16.4,15.3,0.539,0.362,0.405,1.6,7.6,4.6,25.2,1.4,0.3,13.8,21.5,4.8,1.1,5.9,0.103,1.5,-1.3,0.2,1.5,13.4,0.357,0.077,0.061,0.143,0.0,10.4,0.362,0.1
102,102,302,2007,Slasher,Perimeter Defender,Shawn Marion,SF,PHO,80.0,80.0,7.0,13.4,3.2,0.317,10.2,0.587,0.561,2.5,3.1,0.81,2.2,7.7,9.8,1.2,1.7,2.0,1.5,1.4,2.7,17.5,20.8,0.594,0.235,0.232,7.0,22.6,15.2,6.7,2.6,2.8,8.8,19.3,6.7,5.3,12.0,0.191,2.4,1.9,4.4,4.8,9.8,0.415,0.156,0.125,0.068,17.1,46.0,0.236,0.1
103,103,310,2007,Versatile Scorer,No significant defensive role,Kevin Martin,SG,SAC,80.0,80.0,6.3,13.3,4.2,0.381,9.2,0.515,0.533,6.0,7.1,0.844,0.9,3.4,4.3,1.3,2.2,1.2,0.1,1.7,2.3,20.2,20.1,0.614,0.312,0.534,2.8,11.6,7.1,10.9,1.8,0.3,9.3,23.2,8.3,1.9,10.2,0.173,3.2,-0.5,2.8,3.4,14.2,0.256,0.101,0.106,0.225,5.1,23.7,0.31200000000000006,0.1
104,104,311,2007,No significant offensive role,No significant defensive role,Desmond Mason,SF,NOK,75.0,75.0,5.4,12.0,0.0,,12.0,0.452,0.452,2.9,4.3,0.663,1.7,2.9,4.6,0.6,1.5,0.7,0.3,2.6,2.3,13.7,10.8,0.493,0.0,0.359,5.4,10.1,7.7,7.6,1.1,0.7,15.6,21.9,-1.2,1.8,0.6,0.011,-2.7,-1.2,-3.9,-1.3,4.2,0.461,0.407,0.122,0.01,7.8,,0.0,0.2
105,105,319,2007,Creator/Facilitator,Perimeter Defender,Tracy McGrady*,SG,HOU,71.0,71.0,9.0,20.8,5.4,0.331,15.5,0.466,0.474,4.9,6.9,0.707,0.8,4.5,5.3,2.2,6.5,1.3,0.5,3.0,1.9,24.6,23.2,0.515,0.257,0.33,2.6,14.5,8.6,37.5,1.9,1.1,11.2,35.0,4.1,4.5,8.6,0.163,4.9,1.2,6.1,5.2,16.0,0.201,0.061,0.075,0.405,2.1999999999999997,4.7,0.258,0.1
106,106,329,2007,No significant offensive role,No significant defensive role,Andre Miller,PG,TOT,80.0,79.0,5.3,11.4,0.4,0.143,10.9,0.479,0.469,2.8,3.5,0.784,1.2,3.2,4.4,2.8,7.8,1.4,0.1,2.8,2.3,13.4,16.1,0.52,0.039,0.311,3.9,10.1,7.0,34.3,1.9,0.3,17.7,19.2,3.5,2.4,5.9,0.095,0.5,-0.3,0.2,1.7,10.4,0.333,0.132,0.231,0.265,0.0,5.7,0.038999999999999924,0.1
107,107,332,2007,No significant offensive role,Rebounding Specialist,Brad Miller,C,SAC,63.0,56.0,3.6,7.8,0.5,0.152,7.3,0.475,0.459,1.8,2.4,0.772,1.3,5.1,6.4,2.1,3.6,0.6,0.6,1.7,2.5,9.0,13.5,0.508,0.067,0.302,5.1,21.7,13.2,20.4,1.1,1.7,16.2,16.8,1.0,1.7,2.7,0.072,-0.7,0.8,0.1,0.9,13.5,0.233,0.097,0.097,0.506,1.7999999999999998,21.2,0.06699999999999995,0.2
108,108,334,2007,No significant offensive role,No significant defensive role,Mike Miller,SG,MEM,70.0,69.0,6.6,14.4,7.1,0.406,7.3,0.514,0.56,2.3,2.9,0.793,0.7,4.7,5.4,1.7,4.3,0.8,0.3,2.6,2.0,18.5,16.4,0.588,0.493,0.201,2.3,14.2,8.2,18.7,1.0,0.5,14.0,21.1,4.6,0.3,4.8,0.085,3.1,-1.7,1.4,2.3,17.6,0.227,0.044,0.028,0.209,1.2,8.200000000000001,0.492,0.2
109,109,336,2007,Slasher,Rebounding Specialist,Yao Ming*,C,HOU,48.0,48.0,8.8,17.1,0.0,0.0,17.0,0.518,0.516,7.4,8.6,0.862,2.1,7.3,9.4,0.6,2.0,0.4,2.0,3.5,3.3,25.0,26.5,0.601,0.002,0.504,7.2,24.7,16.0,12.3,0.6,4.5,14.3,33.5,4.0,3.4,7.4,0.22,3.1,1.9,5.0,2.8,6.8,0.31,0.387,0.269,0.032,6.6000000000000005,0.0,0.0019999999999998908,0.2
110,110,337,2007,No significant offensive role,No significant defensive role,Cuttino Mobley,SG,LAC,78.0,73.0,5.0,11.3,3.2,0.411,8.2,0.451,0.497,2.6,3.1,0.837,0.7,2.8,3.4,1.3,2.5,1.2,0.3,1.9,2.4,13.8,12.5,0.546,0.279,0.271,2.2,9.0,5.6,11.7,1.7,0.7,12.8,18.4,2.2,2.4,4.6,0.078,-0.6,-0.4,-1.0,0.8,15.0,0.203,0.095,0.153,0.27,1.0,28.000000000000004,0.2789999999999999,0.1
111,111,339,2007,Paint Threat,No significant defensive role,Mikki Moore,C,NJN,79.0,55.0,3.9,6.4,0.0,0.0,6.4,0.61,0.609,2.0,3.0,0.681,1.8,3.3,5.1,0.6,0.9,0.6,0.8,1.4,3.3,9.8,14.8,0.637,0.002,0.464,8.3,14.5,11.4,6.1,1.2,2.3,15.6,16.2,3.5,2.3,5.7,0.131,-1.3,0.1,-1.2,0.4,7.2,0.518,0.109,0.101,0.271,22.1,0.0,0.0010000000000000009,0.2
112,112,341,2007,No significant offensive role,No significant defensive role,Adam Morrison,PF,CHA,78.0,23.0,4.6,12.1,3.3,0.337,8.8,0.391,0.422,1.5,2.2,0.71,0.7,2.3,2.9,1.2,2.1,0.4,0.1,1.7,2.3,11.8,7.9,0.45,0.273,0.179,2.7,9.2,5.9,11.9,0.6,0.2,11.3,22.4,-2.2,0.8,-1.5,-0.03,-2.7,-2.4,-5.1,-1.8,15.7,0.119,0.178,0.13,0.3,0.7000000000000001,14.7,0.273,0.1
113,113,343,2007,No significant offensive role,No significant defensive role,Troy Murphy,PF,TOT,68.0,48.0,3.9,8.5,2.2,0.395,6.4,0.479,0.508,1.6,2.1,0.745,1.5,4.6,6.1,1.7,1.9,0.7,0.6,1.1,2.9,10.3,14.5,0.541,0.253,0.25,6.0,19.6,12.7,10.9,1.2,1.7,10.8,17.2,2.4,2.1,4.5,0.116,0.1,0.4,0.5,1.1,15.8,0.191,0.076,0.081,0.399,4.3,14.299999999999999,0.2529999999999999,0.1
114,114,350,2007,Creator/Facilitator,No significant defensive role,Steve Nash*,PG,PHO,76.0,76.0,6.8,12.8,4.5,0.455,8.3,0.575,0.613,2.9,3.3,0.899,0.4,3.1,3.5,3.1,11.6,0.8,0.1,3.8,1.5,18.6,23.8,0.654,0.353,0.254,1.4,9.9,5.8,50.1,1.1,0.2,21.0,22.9,10.8,1.7,12.6,0.225,6.7,-0.8,5.9,5.3,15.1,0.226,0.085,0.146,0.189,0.1,7.6,0.3540000000000001,0.1
115,115,351,2007,Creator/Facilitator,No significant defensive role,Jameer Nelson,PG,ORL,77.0,77.0,4.9,11.4,2.5,0.335,8.8,0.457,0.467,2.4,2.9,0.828,0.6,2.4,3.1,1.8,4.3,0.9,0.1,2.4,2.9,13.0,13.9,0.514,0.222,0.253,2.7,9.6,6.2,25.0,1.7,0.2,15.9,23.0,1.6,2.4,4.0,0.082,-0.1,-0.6,-0.7,0.8,13.4,0.312,0.07,0.072,0.325,0.0,27.3,0.22099999999999997,0.1
116,116,354,2007,Versatile Scorer,Switchable Defender,Andrés Nocioni,PF,CHI,53.0,31.0,5.2,11.0,3.9,0.383,7.1,0.515,0.536,2.3,2.7,0.848,0.8,4.9,5.7,0.6,1.1,0.5,0.5,2.0,3.1,14.1,15.6,0.578,0.358,0.248,3.4,20.9,12.2,7.0,1.0,1.3,13.8,23.8,1.4,2.6,4.1,0.139,0.2,0.6,0.8,1.0,14.7,0.236,0.11,0.096,0.2,0.5,22.0,0.3580000000000001,0.1
117,117,358,2007,Versatile Scorer,Switchable Defender,Dirk Nowitzki*,PF,DAL,78.0,78.0,8.6,17.2,2.2,0.416,15.0,0.515,0.529,6.4,7.1,0.904,1.6,7.3,8.9,1.6,3.4,0.7,0.8,2.1,2.2,24.6,27.6,0.605,0.129,0.411,5.3,23.9,14.8,17.8,1.0,1.7,9.5,28.9,11.8,4.5,16.3,0.278,7.2,1.2,8.3,7.4,13.8,0.18,0.082,0.255,0.353,1.6,7.5,0.13,0.1
118,118,360,2007,Versatile Scorer,Switchable Defender,Jermaine O'Neal,C,IND,69.0,69.0,7.2,16.5,0.1,0.0,16.4,0.439,0.436,5.0,6.5,0.767,2.2,7.4,9.6,0.8,2.4,0.7,2.6,2.9,3.4,19.4,18.8,0.5,0.006,0.392,7.1,24.4,15.5,13.0,1.1,5.6,13.2,28.1,0.5,4.1,4.7,0.091,-0.4,1.2,0.8,1.7,9.2,0.265,0.276,0.262,0.191,5.5,14.299999999999999,0.006000000000000005,0.1
119,119,361,2007,Slasher,No significant defensive role,Shaquille O'Neal*,C,MIA,40.0,39.0,7.1,12.0,0.0,,12.0,0.591,0.591,3.1,7.4,0.422,2.4,5.0,7.4,0.8,2.0,0.2,1.4,2.4,3.5,17.3,21.7,0.567,0.0,0.614,10.3,20.3,15.4,14.3,0.4,3.8,13.5,29.4,1.4,1.5,2.8,0.119,1.6,0.2,1.7,1.1,3.6,0.486,0.484,0.029,0.0,18.6,,0.0010000000000000009,0.2
120,120,363,2007,Slasher,Rebounding Specialist,Lamar Odom,PF,LAL,56.0,56.0,5.7,12.2,3.3,0.297,8.9,0.531,0.508,3.5,5.1,0.7,1.8,7.9,9.8,1.7,4.8,0.9,0.6,2.9,3.3,15.9,16.1,0.552,0.267,0.416,5.5,23.5,14.5,19.5,1.2,1.1,16.8,19.8,2.6,2.1,4.7,0.102,1.0,0.2,1.1,1.7,11.2,0.407,0.122,0.057,0.147,4.3999999999999995,12.6,0.267,0.1
121,121,364,2007,Paint Threat,Paint Protector,Emeka Okafor,C,CHA,67.0,65.0,5.9,11.0,0.0,,11.0,0.532,0.532,2.6,4.4,0.593,3.9,7.4,11.3,0.7,1.2,0.9,2.6,1.7,3.1,14.4,20.1,0.554,0.0,0.399,12.7,26.2,19.2,6.0,1.3,5.7,11.3,19.1,3.5,3.6,7.1,0.147,1.2,0.9,2.1,2.4,4.6,0.526,0.296,0.141,0.038,15.7,,-0.001000000000000112,0.2
122,122,365,2007,Versatile Scorer,No significant defensive role,Mehmet Okur,C,UTA,80.0,80.0,6.1,13.3,4.2,0.384,9.1,0.498,0.523,3.7,4.8,0.765,2.0,5.2,7.2,1.2,2.0,0.5,0.5,1.6,3.2,17.6,18.1,0.571,0.317,0.365,7.3,19.1,13.2,9.9,0.7,1.2,9.2,22.8,6.5,2.3,8.8,0.158,3.1,-0.9,2.2,2.8,14.8,0.22,0.128,0.098,0.238,2.8000000000000003,4.2,0.31600000000000006,0.1
123,123,370,2007,No significant offensive role,No significant defensive role,Zaza Pachulia,C,ATL,72.0,47.0,4.0,8.5,0.0,0.0,8.5,0.475,0.474,4.1,5.2,0.786,2.8,4.2,6.9,0.7,1.5,1.1,0.5,2.3,3.7,12.2,16.8,0.562,0.002,0.607,11.7,18.1,14.9,9.2,2.0,1.4,17.2,21.3,2.7,2.1,4.8,0.114,-0.4,-0.4,-0.8,0.6,5.3,0.619,0.099,0.129,0.151,2.1,0.0,0.0020000000000000018,0.2
124,124,375,2007,No significant offensive role,Perimeter Defender,Anthony Parker,SG,TOR,73.0,73.0,4.5,9.4,3.6,0.441,5.8,0.5,0.561,1.8,2.2,0.835,0.8,3.1,3.9,2.1,2.1,1.0,0.2,1.0,1.8,12.4,14.5,0.597,0.38,0.23,2.9,10.9,6.8,9.9,1.6,0.3,8.6,15.7,4.4,2.1,6.5,0.127,0.9,0.4,1.4,2.1,16.0,0.188,0.061,0.1,0.271,3.5999999999999996,64.8,0.38,0.1
125,125,376,2007,No significant offensive role,No significant defensive role,Smush Parker,PG,LAL,82.0,80.0,4.2,9.6,3.7,0.365,5.9,0.479,0.506,1.4,2.1,0.646,0.5,2.0,2.5,1.5,2.8,1.5,0.1,1.9,2.6,11.1,11.6,0.526,0.383,0.223,2.2,7.6,4.9,14.6,2.5,0.3,15.1,18.6,0.7,1.6,2.3,0.045,-1.7,-0.3,-2.0,0.0,14.4,0.285,0.094,0.071,0.166,2.0,22.900000000000002,0.384,0.1
126,126,377,2007,Creator/Facilitator,Perimeter Defender,Tony Parker*,PG,SAS,77.0,77.0,7.4,14.2,0.5,0.395,13.7,0.525,0.527,3.6,4.5,0.783,0.4,2.8,3.2,2.2,5.5,1.1,0.1,2.5,1.8,18.6,21.4,0.572,0.035,0.319,1.7,10.0,6.0,31.7,1.8,0.2,13.3,27.4,5.8,3.9,9.6,0.185,2.7,0.4,3.1,3.2,9.9,0.396,0.141,0.072,0.357,0.0,42.1,0.03400000000000003,0.2
127,127,378,2007,Paint Threat,No significant defensive role,Ruben Patterson,SF,MIL,81.0,53.0,5.9,10.7,0.2,0.158,10.5,0.557,0.55,3.0,4.6,0.641,2.3,3.1,5.4,1.2,2.9,1.4,0.3,2.5,2.9,14.7,18.5,0.578,0.022,0.434,8.8,11.9,10.3,15.5,2.3,0.8,16.2,22.2,4.1,1.3,5.4,0.103,1.7,-0.6,1.0,1.9,4.4,0.631,0.18,0.104,0.063,7.6,0.0,0.02200000000000002,0.2
128,128,380,2007,Creator/Facilitator,Perimeter Defender,Chris Paul,PG,NOK,64.0,64.0,6.0,13.6,2.2,0.35,11.4,0.455,0.466,4.6,5.6,0.818,0.8,3.5,4.4,3.6,8.9,1.8,0.0,2.5,2.4,17.3,22.0,0.537,0.164,0.41,2.6,11.3,6.9,41.3,2.7,0.1,13.5,23.1,6.2,2.6,8.8,0.179,3.6,1.4,5.0,4.2,11.1,0.297,0.194,0.141,0.203,0.8,7.7,0.16500000000000004,0.0
129,129,387,2007,Versatile Scorer,No significant defensive role,Paul Pierce*,SG,BOS,47.0,46.0,7.9,18.1,5.9,0.389,12.2,0.463,0.502,6.8,8.6,0.796,0.8,5.1,5.9,1.3,4.1,1.0,0.3,3.2,2.6,25.0,21.7,0.571,0.324,0.473,2.6,16.8,9.5,22.1,1.4,0.6,12.9,30.7,3.8,1.6,5.4,0.148,4.9,-0.7,4.2,2.7,15.2,0.258,0.044,0.115,0.26,1.0999999999999999,11.3,0.32299999999999995,0.1
130,130,388,2007,No significant offensive role,No significant defensive role,Mickaël Piétrus,SF,GSW,72.0,38.0,4.0,8.1,3.3,0.388,4.8,0.558,0.567,1.9,2.9,0.648,1.1,3.4,4.5,0.6,0.9,0.7,0.8,1.5,3.1,11.1,13.0,0.59,0.41,0.358,4.5,14.2,9.3,4.7,1.2,2.2,13.4,17.2,2.0,1.5,3.6,0.088,-0.8,-0.5,-1.3,0.4,13.8,0.338,0.063,0.024,0.166,10.100000000000001,82.1,0.4089999999999999,0.2
131,131,391,2007,Pure Shooter/Stretcher,Perimeter Defender,James Posey,SF,MIA,71.0,19.0,2.6,6.1,3.6,0.375,2.4,0.514,0.543,1.1,1.4,0.827,0.9,4.1,5.0,1.6,1.3,1.0,0.3,0.8,2.7,7.7,12.7,0.579,0.6,0.227,4.2,17.5,11.0,7.7,2.0,0.9,10.4,13.1,2.6,2.6,5.2,0.13,-0.3,1.1,0.9,1.4,16.8,0.28,0.032,0.021,0.067,4.2,30.5,0.5999999999999999,0.2
132,132,399,2007,No significant offensive role,No significant defensive role,Tayshaun Prince,SF,DET,82.0,82.0,5.6,12.2,2.6,0.386,9.6,0.48,0.501,2.1,2.7,0.768,1.8,3.5,5.2,2.3,2.8,0.6,0.7,1.2,1.4,14.3,16.0,0.534,0.211,0.225,5.7,11.3,8.5,12.9,0.9,1.4,8.2,18.9,5.1,2.9,8.0,0.128,2.1,-0.4,1.8,2.9,11.7,0.299,0.177,0.131,0.183,6.9,52.400000000000006,0.20999999999999996,0.1
133,133,405,2007,Versatile Scorer,Rebounding Specialist,Zach Randolph,PF,POR,68.0,67.0,8.8,18.9,0.7,0.292,18.2,0.473,0.472,5.8,7.1,0.819,2.9,7.2,10.1,0.7,2.2,0.8,0.2,3.2,2.7,23.6,22.8,0.537,0.037,0.374,10.0,25.6,17.6,12.8,1.2,0.5,12.6,33.1,3.8,1.9,5.7,0.112,3.4,-1.8,1.6,2.2,8.5,0.329,0.302,0.117,0.214,0.7000000000000001,10.4,0.038000000000000034,0.1
134,134,408,2007,Slasher,No significant defensive role,Michael Redd,SF,MIL,53.0,53.0,9.0,19.3,5.8,0.382,13.6,0.501,0.522,6.5,7.8,0.829,0.8,2.9,3.7,1.0,2.3,1.2,0.2,2.3,1.5,26.7,22.3,0.586,0.299,0.406,2.4,9.0,5.7,11.0,1.6,0.3,9.2,29.5,5.8,0.3,6.1,0.145,5.0,-2.0,3.0,2.5,13.2,0.305,0.103,0.109,0.183,1.2,30.099999999999998,0.30000000000000004,0.1
135,135,412,2007,Versatile Scorer,No significant defensive role,Jason Richardson,SG,GSW,51.0,49.0,6.0,14.4,5.9,0.365,8.5,0.453,0.492,1.8,2.7,0.657,1.4,3.7,5.1,2.1,3.4,1.1,0.6,1.6,2.5,16.0,15.5,0.512,0.41,0.191,4.6,12.6,8.5,16.0,1.6,1.4,9.3,22.3,1.7,1.3,3.0,0.085,1.4,-0.6,0.8,1.2,15.6,0.24,0.082,0.086,0.184,3.8,31.900000000000002,0.4079999999999999,0.1
136,136,416,2007,No significant offensive role,Rebounding Specialist,Quentin Richardson,SF,NYK,49.0,47.0,4.7,11.1,5.3,0.376,5.9,0.456,0.507,1.7,2.4,0.692,1.3,5.9,7.2,1.6,2.2,0.7,0.1,1.4,2.7,13.0,14.3,0.532,0.473,0.22,4.8,20.8,12.9,11.4,1.2,0.3,10.5,18.7,2.2,1.3,3.5,0.104,1.3,-0.6,0.7,1.1,15.4,0.277,0.081,0.033,0.136,1.3,26.400000000000002,0.473,0.2
137,137,417,2007,Creator/Facilitator,No significant defensive role,Luke Ridnour,PG,SEA,71.0,58.0,4.2,9.8,2.0,0.353,7.8,0.453,0.468,1.8,2.2,0.805,0.4,1.9,2.3,2.4,5.2,1.2,0.3,2.2,2.5,11.0,13.7,0.509,0.2,0.229,1.6,7.9,4.7,28.2,2.1,0.7,16.9,20.0,1.4,0.8,2.3,0.052,-0.6,-0.9,-1.5,0.2,12.7,0.203,0.239,0.14,0.219,0.0,28.799999999999997,0.19899999999999995,0.0
138,138,431,2007,Versatile Scorer,No significant defensive role,Brandon Roy,SG,POR,57.0,55.0,6.1,13.4,2.6,0.377,10.9,0.475,0.492,3.5,4.2,0.838,1.0,3.4,4.4,2.0,4.0,1.2,0.2,2.0,2.4,16.8,18.0,0.548,0.191,0.315,3.5,12.1,7.7,20.9,1.8,0.4,11.8,23.0,3.8,1.0,4.8,0.114,2.3,-0.3,2.0,2.0,12.3,0.268,0.18,0.11,0.251,0.8999999999999999,31.5,0.19099999999999995,0.1
139,139,433,2007,No significant offensive role,Perimeter Defender,John Salmons,SG,SAC,79.0,19.0,3.0,6.5,1.4,0.357,5.1,0.484,0.495,2.0,2.6,0.779,0.6,2.7,3.3,2.1,3.2,0.9,0.3,1.5,2.2,8.5,12.7,0.553,0.217,0.395,2.5,12.2,7.3,18.8,1.7,1.0,16.4,15.3,2.0,1.6,3.6,0.081,-0.9,0.4,-0.5,0.8,11.4,0.338,0.13,0.141,0.174,2.5,33.900000000000006,0.21700000000000008,0.1
140,140,449,2007,Versatile Scorer,Perimeter Defender,Josh Smith,SF,ATL,72.0,72.0,6.1,13.8,2.1,0.25,11.7,0.473,0.458,3.7,5.4,0.693,2.3,6.3,8.6,1.0,3.3,1.4,2.9,3.2,3.3,16.4,18.3,0.506,0.153,0.39,7.4,21.0,14.1,16.3,2.0,6.1,16.3,24.1,0.4,4.0,4.4,0.079,0.4,1.7,2.0,2.7,10.0,0.449,0.116,0.038,0.244,11.0,19.1,0.1529999999999999,0.1
141,141,457,2007,No significant offensive role,No significant defensive role,Jerry Stackhouse,SF,DAL,67.0,8.0,4.2,9.8,2.4,0.383,7.3,0.443,0.476,2.7,3.2,0.847,0.6,1.6,2.2,1.6,2.8,0.8,0.1,1.7,1.2,12.0,16.8,0.537,0.248,0.329,3.0,7.7,5.4,19.7,1.7,0.5,13.5,25.0,2.3,1.8,4.1,0.122,1.8,-0.6,1.2,1.3,15.1,0.17,0.075,0.217,0.291,2.6,49.4,0.2470000000000001,0.1
142,142,458,2007,No significant offensive role,No significant defensive role,DeShawn Stevenson,SG,WAS,82.0,82.0,4.2,9.2,2.2,0.404,7.0,0.479,0.51,1.9,2.6,0.704,0.7,2.0,2.6,1.8,2.7,0.8,0.2,1.5,1.9,11.2,12.9,0.542,0.243,0.287,2.5,7.9,5.1,14.3,1.4,0.6,12.3,17.6,2.7,0.3,3.1,0.061,0.1,-1.4,-1.3,0.4,14.6,0.266,0.057,0.07,0.364,3.3000000000000003,37.2,0.243,0.1
143,143,460,2007,No significant offensive role,No significant defensive role,Damon Stoudamire,PG,MEM,62.0,51.0,2.8,7.0,2.8,0.337,4.2,0.427,0.459,1.1,1.3,0.795,0.5,1.7,2.2,3.0,4.8,0.8,0.0,1.6,1.5,7.5,12.6,0.493,0.4,0.19,2.5,8.6,5.5,31.3,1.6,0.1,17.6,17.3,1.1,0.1,1.1,0.036,0.1,-2.0,-1.9,0.1,17.3,0.156,0.066,0.117,0.261,0.0,12.0,0.3999999999999999,0.1
144,144,462,2007,Paint Threat,Perimeter Defender,Amar'e Stoudemire,C,PHO,82.0,78.0,7.4,12.9,0.0,0.0,12.8,0.577,0.575,5.6,7.1,0.781,2.7,6.9,9.6,0.4,1.0,1.0,1.3,2.8,3.6,20.4,23.1,0.637,0.003,0.555,10.1,23.3,17.0,5.0,1.5,2.9,15.0,25.8,7.2,4.0,11.2,0.201,1.5,0.3,1.8,2.6,5.7,0.53,0.215,0.107,0.145,19.1,0.0,0.0030000000000000027,0.2
145,145,465,2007,Versatile Scorer,No significant defensive role,Wally Szczerbiak,SF,BOS,32.0,19.0,5.0,12.1,3.3,0.415,8.8,0.415,0.472,3.5,3.9,0.897,0.5,2.6,3.1,1.0,1.7,0.6,0.1,1.7,2.0,15.0,14.8,0.54,0.273,0.325,2.1,11.2,6.5,11.3,1.0,0.3,10.9,25.0,1.0,0.5,1.6,0.083,0.5,-1.9,-1.5,0.1,16.0,0.16,0.098,0.113,0.356,0.8,21.7,0.273,0.1
146,146,469,2007,Creator/Facilitator,Perimeter Defender,Jason Terry,SG,DAL,81.0,80.0,6.3,13.1,4.6,0.438,8.6,0.508,0.56,2.0,2.5,0.804,0.5,2.3,2.9,2.7,5.2,1.0,0.2,1.9,2.1,16.7,18.9,0.587,0.348,0.187,1.8,7.9,4.9,25.5,1.5,0.5,11.7,21.3,7.7,3.1,10.8,0.182,3.9,0.1,4.0,4.3,16.3,0.139,0.092,0.165,0.256,0.3,35.099999999999994,0.348,0.1
147,147,474,2007,No significant offensive role,No significant defensive role,Tim Thomas,PF,LAC,76.0,24.0,3.9,9.5,4.7,0.382,4.8,0.444,0.508,1.3,1.9,0.708,0.8,4.1,5.0,1.6,2.3,0.7,0.4,1.4,3.0,11.0,13.6,0.532,0.492,0.199,3.7,18.2,11.0,14.2,1.4,1.1,11.9,20.1,1.6,2.3,3.9,0.092,0.7,0.0,0.7,1.4,17.1,0.173,0.102,0.126,0.107,2.9000000000000004,15.4,0.492,0.2
148,148,477,2007,Creator/Facilitator,Perimeter Defender,Jamaal Tinsley,PG,IND,72.0,72.0,4.8,12.3,2.7,0.316,9.7,0.409,0.424,2.4,3.3,0.72,0.8,2.5,3.3,2.5,6.9,1.6,0.3,2.8,2.6,12.8,15.2,0.465,0.217,0.269,3.0,9.5,6.2,38.5,2.7,0.8,16.7,23.8,0.2,2.6,2.8,0.06,0.7,0.1,0.8,1.6,13.1,0.193,0.195,0.232,0.163,0.0,13.5,0.21699999999999997,0.0
149,149,483,2007,No significant offensive role,No significant defensive role,Hedo Türkoğlu,SF,ORL,73.0,73.0,4.7,11.3,3.8,0.388,7.4,0.435,0.485,2.3,3.0,0.781,0.8,3.2,4.0,1.6,3.2,1.0,0.2,2.0,3.0,13.3,14.2,0.528,0.341,0.266,3.2,12.5,8.0,17.9,1.6,0.6,13.5,21.7,2.3,2.6,4.9,0.105,0.4,0.0,0.4,1.3,15.1,0.221,0.09,0.145,0.203,1.2,22.8,0.34099999999999997,0.1
150,150,484,2007,No significant offensive role,Perimeter Defender,Ime Udoka,SF,POR,75.0,75.0,3.2,6.9,2.9,0.406,3.9,0.502,0.548,0.9,1.2,0.742,1.3,2.5,3.7,1.5,1.5,0.9,0.2,1.0,2.8,8.4,12.1,0.569,0.426,0.173,5.4,10.9,8.1,8.6,1.8,0.6,11.7,13.7,2.9,1.0,3.9,0.088,0.2,0.1,0.2,1.2,15.1,0.267,0.062,0.051,0.195,0.0,54.800000000000004,0.42500000000000004,0.1
151,151,488,2007,Slasher,No significant defensive role,Charlie Villanueva,PF,MIL,39.0,17.0,4.6,9.8,2.2,0.337,7.6,0.508,0.508,1.9,2.3,0.82,1.6,4.3,5.8,0.6,0.9,0.6,0.3,1.4,2.8,11.8,15.8,0.547,0.225,0.232,7.3,20.1,13.6,6.1,1.3,0.9,11.3,21.8,1.2,0.6,1.7,0.085,0.2,-1.6,-1.4,0.2,11.5,0.3,0.18,0.149,0.146,6.800000000000001,15.1,0.22499999999999998,0.1
152,152,492,2007,Creator/Facilitator,Perimeter Defender,Dwyane Wade*,SG,MIA,51.0,50.0,9.3,18.9,1.5,0.266,17.3,0.511,0.502,8.5,10.5,0.807,1.0,3.7,4.7,1.8,7.5,2.1,1.2,4.2,2.3,27.4,28.9,0.583,0.082,0.556,3.2,11.2,7.3,40.5,3.0,2.5,15.3,34.7,5.9,2.9,8.8,0.219,6.3,1.8,8.2,4.9,11.0,0.366,0.098,0.104,0.35,6.3,8.9,0.08200000000000007,0.1
153,153,497,2007,No significant offensive role,Perimeter Defender,Ben Wallace*,C,CHI,77.0,77.0,2.5,5.5,0.1,0.2,5.4,0.456,0.454,1.4,3.5,0.408,3.9,6.7,10.7,1.8,2.4,1.4,2.0,1.3,2.0,6.4,14.6,0.456,0.012,0.63,12.9,21.7,17.4,9.9,2.1,4.6,15.7,10.6,1.6,6.6,8.2,0.146,0.1,3.3,3.4,3.7,3.7,0.66,0.193,0.111,0.024,12.7,0.0,0.01200000000000001,0.2
154,154,498,2007,No significant offensive role,Perimeter Defender,Gerald Wallace,SF,CHA,72.0,71.0,6.6,13.2,1.7,0.325,11.6,0.528,0.523,4.3,6.2,0.691,2.0,5.2,7.2,1.2,2.6,2.0,1.0,2.2,2.9,18.1,19.8,0.568,0.126,0.47,6.2,17.4,11.6,12.5,2.8,2.0,12.2,22.5,4.2,3.5,7.7,0.141,2.2,1.5,3.7,3.7,6.8,0.618,0.082,0.036,0.139,8.6,66.7,0.125,0.2
155,155,499,2007,No significant offensive role,Perimeter Defender,Rasheed Wallace,C,DET,75.0,72.0,4.8,11.2,3.9,0.351,7.3,0.463,0.485,1.4,1.8,0.788,1.2,6.0,7.2,1.3,1.7,1.0,1.6,1.3,3.0,12.3,15.7,0.513,0.351,0.163,4.4,22.2,13.3,8.9,1.7,3.8,9.4,19.6,1.8,4.4,6.2,0.123,0.4,1.6,2.0,2.5,15.3,0.171,0.113,0.227,0.139,4.6,17.599999999999998,0.35,0.1
156,156,500,2007,No significant offensive role,No significant defensive role,Luke Walton,SF,LAL,60.0,60.0,4.4,9.3,2.1,0.387,7.2,0.499,0.517,1.8,2.4,0.745,1.5,3.6,5.0,2.2,4.3,1.0,0.4,2.0,2.0,11.4,14.7,0.551,0.223,0.26,5.2,12.6,8.9,20.2,1.6,0.8,16.0,16.8,2.6,1.2,3.8,0.092,0.9,-0.5,0.4,1.2,10.1,0.404,0.16,0.084,0.129,2.7,48.4,0.22299999999999998,0.1
157,157,501,2007,Slasher,No significant defensive role,Hakim Warrick,PF,MEM,82.0,43.0,4.5,8.7,0.1,0.0,8.6,0.53,0.524,3.6,4.7,0.771,1.6,3.5,5.1,0.4,0.9,0.5,0.4,2.0,2.8,12.7,15.9,0.592,0.011,0.545,7.2,16.1,11.7,6.0,1.0,1.1,15.4,21.9,3.2,0.5,3.7,0.082,-0.3,-1.7,-2.0,0.0,7.0,0.492,0.174,0.125,0.198,15.7,0.0,0.01100000000000012,0.2
158,158,502,2007,No significant offensive role,No significant defensive role,Earl Watson,PG,SEA,77.0,25.0,3.4,8.9,3.6,0.329,5.3,0.42,0.45,1.4,1.9,0.735,0.4,2.0,2.4,2.6,5.7,1.3,0.3,2.2,2.0,9.4,13.5,0.483,0.408,0.214,1.9,8.5,5.2,31.4,2.4,0.8,18.2,19.4,0.9,1.1,2.0,0.044,0.2,-0.9,-0.7,0.7,15.6,0.231,0.099,0.077,0.185,0.4,17.9,0.4079999999999999,0.1
159,159,503,2007,No significant offensive role,Perimeter Defender,Chris Webber*,PF,TOT,61.0,60.0,4.7,10.5,0.2,0.364,10.3,0.454,0.455,1.7,2.6,0.638,2.0,5.1,7.2,1.7,3.1,1.0,0.7,1.8,2.3,11.2,16.0,0.482,0.017,0.25,8.1,20.5,14.3,17.8,1.8,1.7,13.1,21.1,0.7,2.7,3.4,0.09,0.0,1.0,1.0,1.4,9.1,0.324,0.227,0.175,0.257,6.7,0.0,0.017000000000000015,0.1
160,160,509,2007,Versatile Scorer,No significant defensive role,David West,PF,NOK,52.0,52.0,7.3,15.2,0.5,0.32,14.8,0.481,0.481,3.6,4.4,0.824,2.4,5.7,8.2,1.2,2.2,0.8,0.7,1.9,2.8,18.3,18.9,0.532,0.032,0.287,7.5,18.5,12.9,10.9,1.2,1.6,9.9,23.8,3.1,2.0,5.2,0.131,1.2,-0.3,0.9,1.4,10.3,0.292,0.189,0.177,0.311,1.7999999999999998,16.0,0.03100000000000014,0.1
161,161,510,2007,No significant offensive role,No significant defensive role,Delonte West,SG,BOS,69.0,47.0,4.4,10.4,2.6,0.365,7.8,0.447,0.472,2.4,2.9,0.853,0.5,2.6,3.0,2.2,4.4,1.1,0.5,2.0,2.2,12.2,14.0,0.526,0.248,0.275,1.7,9.7,5.6,23.5,1.7,1.2,14.8,19.3,1.9,1.8,3.7,0.081,0.4,0.0,0.4,1.3,14.4,0.285,0.054,0.078,0.335,1.4000000000000001,28.7,0.248,0.1
162,162,512,2007,Slasher,Rebounding Specialist,Chris Wilcox,PF,SEA,82.0,81.0,5.3,10.0,0.1,0.0,9.9,0.533,0.529,2.9,4.3,0.684,2.2,5.5,7.7,0.7,1.0,0.9,0.5,1.5,3.0,13.5,16.6,0.568,0.007,0.429,8.2,21.1,14.6,5.3,1.4,1.1,11.5,19.3,4.1,1.9,6.0,0.112,-0.1,-1.0,-1.1,0.6,5.2,0.464,0.348,0.137,0.044,22.2,0.0,0.006999999999999895,0.2
163,163,513,2007,No significant offensive role,No significant defensive role,Damien Wilkins,SF,SEA,82.0,31.0,3.2,7.3,1.5,0.41,5.9,0.442,0.477,1.8,2.1,0.882,1.1,1.7,2.8,1.4,1.9,1.1,0.2,1.4,1.9,8.8,13.1,0.535,0.203,0.282,5.1,8.4,6.7,12.0,2.4,0.6,14.6,17.7,1.8,1.0,2.8,0.066,-0.7,-0.2,-0.9,0.6,13.0,0.271,0.115,0.125,0.287,5.1,39.300000000000004,0.20199999999999996,0.1
164,164,518,2007,Creator/Facilitator,No significant defensive role,Deron Williams,PG,UTA,80.0,80.0,6.2,13.5,3.2,0.322,10.4,0.498,0.494,2.8,3.7,0.767,0.5,2.8,3.3,3.0,9.3,1.0,0.2,3.1,3.2,16.2,17.1,0.535,0.235,0.273,1.7,9.3,5.5,41.6,1.4,0.4,16.9,22.2,5.3,1.9,7.2,0.117,2.6,-1.3,1.3,2.4,13.5,0.314,0.073,0.074,0.304,0.8,5.8999999999999995,0.235,0.1
165,165,522,2007,No significant offensive role,No significant defensive role,Jason Williams,PG,MIA,61.0,55.0,3.9,9.3,4.8,0.339,4.5,0.493,0.501,1.5,1.7,0.913,0.3,2.0,2.3,3.3,5.3,1.0,0.0,1.6,1.1,10.9,15.0,0.54,0.518,0.181,1.2,7.6,4.5,28.3,1.7,0.0,14.0,18.2,2.8,1.5,4.3,0.11,1.4,-1.0,0.4,1.1,17.8,0.214,0.039,0.042,0.186,0.0,12.2,0.519,0.2
166,166,526,2007,No significant offensive role,No significant defensive role,Marvin Williams,PF,ATL,64.0,63.0,4.8,11.0,0.7,0.244,10.3,0.446,0.441,3.4,4.1,0.815,1.3,4.0,5.3,1.0,1.9,0.8,0.5,2.0,3.0,13.1,12.2,0.51,0.064,0.375,4.6,14.2,9.3,9.7,1.3,1.1,13.4,20.0,0.9,1.4,2.3,0.051,-1.6,-1.5,-3.1,-0.6,12.5,0.292,0.091,0.076,0.477,4.3999999999999995,22.2,0.06400000000000006,0.2
167,167,527,2007,Creator/Facilitator,No significant defensive role,Mo Williams,PG,MIL,68.0,68.0,6.9,15.4,3.4,0.346,12.1,0.474,0.484,2.3,2.7,0.855,0.8,4.0,4.8,2.0,6.1,1.3,0.1,3.0,3.0,17.3,16.3,0.519,0.217,0.177,2.5,13.3,7.8,28.2,1.8,0.2,15.2,24.4,2.2,0.9,3.2,0.061,0.9,-1.3,-0.5,0.9,14.5,0.213,0.087,0.164,0.319,0.2,16.2,0.21700000000000008,0.1
168,168,533,2007,Versatile Scorer,Perimeter Defender,Metta World Peace,SF,SAC,70.0,65.0,6.5,14.9,3.7,0.358,11.1,0.468,0.485,4.4,5.9,0.74,1.5,5.0,6.5,1.6,3.4,2.1,0.6,2.1,2.9,18.8,18.5,0.538,0.25,0.399,4.4,16.0,10.1,15.6,2.9,1.3,10.7,23.3,3.6,3.1,6.7,0.122,1.9,0.9,2.8,3.2,12.7,0.339,0.087,0.071,0.253,2.1,16.900000000000002,0.25,0.1
