,,,,,,,,,,% of FGA by Distance,% of FGA by Distance,% of FGA by Distance,% of FGA by Distance,% of FGA by Distance,% of FGA by Distance,,FG% by Distance,FG% by Distance,FG% by Distance,FG% by Distance,FG% by Distance,FG% by Distance,,% of FG Ast'd,% of FG Ast'd,,Dunks,Dunks,,Corner 3s,Corner 3s,,Heaves,Heaves,-additional
Rk,Player,Pos,Age,Tm,G,MP,FG%,Dist.,,2P,0-3,3-10,10-16,16-3P,3P,,2P,0-3,3-10,10-16,16-3P,3P,,2P,3P,,%FGA,#,,%3PA,3P%,,Att.,#,-9999
1,Precious Achiuwa,C-PF,24,TOT,48,1020,.491,7.8,,.780,.512,.220,.040,.006,.220,,.554,.685,.310,.231,.500,.268,,.576,.947,,.152,44,,.479,.294,,0,0,achiupr01
2,Bam Adebayo,C,26,MIA,45,1555,.510,8.3,,.984,.250,.347,.299,.087,.016,,.517,.734,.474,.426,.373,.091,,.583,1.000,,.157,93,,.000,,,0,0,adebaba01
3,Ochai Agbaji,SG,23,TOT,54,1045,.416,15.8,,.434,.213,.172,.037,.011,.566,,.543,.684,.413,.400,.333,.318,,.810,.979,,.064,15,,.437,.394,,0,0,agbajoc01
4,Santi Aldama,PF,23,MEM,43,1059,.426,15.8,,.464,.206,.193,.045,.020,.536,,.524,.671,.416,.389,.375,.341,,.691,.945,,.065,23,,.322,.304,,0,0,aldamsa01
5,Nickeil Alexander-Walker,SG,25,MIN,54,1247,.434,18.4,,.343,.129,.132,.050,.031,.657,,.532,.659,.429,.438,.600,.383,,.534,.963,,.019,6,,.455,.442,,1,0,alexani01
6,Grayson Allen,SG,28,PHO,49,1612,.510,17.3,,.384,.220,.143,.019,.002,.616,,.553,.670,.407,.375,.000,.482,,.591,.902,,.029,9,,.286,.548,,0,0,allengr01
7,Jarrett Allen,C,25,CLE,48,1473,.646,4.3,,.990,.562,.314,.096,.017,.010,,.653,.735,.567,.500,.375,.000,,.779,,,.239,97,,.200,.000,,0,0,allenja01
8,Jose Alvarado,PG,25,NOP,37,616,.418,17.4,,.414,.159,.173,.077,.005,.586,,.505,.629,.447,.353,1.000,.357,,.522,.891,,.000,0,,.248,.500,,1,0,alvarjo01
9,Kyle Anderson,PF,30,MIN,54,1180,.467,8.8,,.883,.223,.474,.161,.026,.117,,.500,.574,.477,.432,.714,.219,,.521,1.000,,.022,6,,.594,.316,,1,0,anderky01
10,Giannis Antetokounmpo,PF,29,MIL,53,1852,.611,6.9,,.906,.505,.258,.065,.078,.094,,.648,.820,.461,.369,.385,.255,,.520,.542,,.193,183,,.011,.000,,1,0,antetgi01
11,Thanasis Antetokounmpo,PF,31,MIL,23,106,.524,4.0,,.952,.810,.095,.000,.048,.048,,.550,.588,.500,,.000,.000,,.727,,,.190,3,,1.000,.000,,0,0,antetth01
12,Cole Anthony,PG,23,ORL,54,1241,.432,14.5,,.655,.160,.241,.168,.087,.345,,.488,.642,.500,.412,.318,.326,,.296,.895,,.014,7,,.189,.303,,0,0,anthoco01
13,OG Anunoby,SF,26,TOT,41,1400,.498,14.2,,.525,.308,.117,.065,.036,.475,,.606,.735,.393,.387,.588,.379,,.704,.953,,.142,60,,.467,.453,,0,0,anunoog01
14,Ryan Arcidiacono,PG,29,NYK,20,45,.000,26.3,,.000,.000,.000,.000,.000,1.000,,,,,,,.000,,,,,.000,0,,.000,,,0,0,arcidry01
15,Deni Avdija,SF,23,WAS,54,1521,.521,10.7,,.710,.341,.297,.044,.028,.290,,.568,.728,.471,.087,.400,.405,,.582,.903,,.061,31,,.307,.489,,2,0,avdijde01
16,Deandre Ayton,C,25,POR,36,1153,.565,7.9,,1.000,.282,.352,.234,.132,.000,,.565,.712,.524,.429,.600,,,.742,,,.122,44,,,,,0,0,aytonde01
17,Udoka Azubuike,C,24,PHO,14,107,.727,2.4,,1.000,.727,.273,.000,.000,.000,,.727,.813,.500,,,,,.563,,,.545,10,,,,,0,0,azubuud01
18,Ibou Badji,C,21,POR,16,187,.647,2.5,,1.000,.706,.235,.059,.000,.000,,.647,.750,.250,1.000,,,,.455,,,.471,6,,,,,0,0,badjiib01
19,Marvin Bagley III,C,24,TOT,37,743,.578,4.8,,.958,.550,.294,.093,.021,.042,,.592,.717,.471,.370,.000,.250,,.634,1.000,,.201,53,,.167,.000,,0,0,baglema01
20,Amari Bailey,PG,19,CHO,3,15,.286,18.9,,.571,.143,.000,.143,.286,.429,,.500,1.000,,.000,.500,.000,,.500,,,.143,1,,.000,,,0,0,baileam01
21,Patrick Baldwin Jr.,SF,21,WAS,17,123,.390,15.8,,.463,.293,.098,.024,.049,.537,,.316,.417,.250,.000,.000,.455,,.833,1.000,,.049,2,,.273,.333,,0,0,baldwpa01
22,LaMelo Ball,PG,22,CHO,22,711,.433,15.4,,.534,.191,.265,.054,.024,.466,,.500,.654,.455,.348,.100,.355,,.159,.586,,.002,0,,.157,.484,,0,0,ballla01
23,Mo Bamba,C,25,PHI,32,338,.500,9.0,,.735,.539,.147,.010,.039,.265,,.520,.582,.333,1.000,.250,.444,,.667,1.000,,.176,17,,.111,.000,,0,0,bambamo01
24,Paolo Banchero,PF,21,ORL,55,1923,.462,12.4,,.762,.215,.244,.193,.110,.238,,.492,.710,.429,.392,.383,.365,,.358,.729,,.054,49,,.064,.133,,0,0,banchpa01
25,Desmond Bane,SG,25,MEM,37,1277,.474,15.8,,.540,.223,.167,.062,.089,.460,,.551,.716,.397,.558,.419,.384,,.406,.618,,.007,5,,.156,.440,,2,0,banede01
26,Dalano Banton,PG,24,TOT,26,222,.384,11.2,,.685,.370,.247,.014,.055,.315,,.480,.556,.444,.000,.250,.174,,.333,1.000,,.068,5,,.304,.143,,0,0,bantoda01
27,Dominick Barlow,PF,20,SAS,23,307,.476,7.6,,.917,.405,.238,.226,.048,.083,,.481,.500,.500,.474,.250,.429,,.784,1.000,,.071,5,,.857,.500,,0,0,barlodo01
28,Harrison Barnes,PF,31,SAC,54,1612,.483,16.4,,.445,.180,.191,.053,.021,.555,,.590,.659,.567,.480,.500,.397,,.605,.971,,.034,14,,.443,.422,,0,0,barneha02
29,Scottie Barnes,SG,22,TOR,55,1935,.473,12.6,,.680,.260,.268,.083,.069,.320,,.530,.717,.438,.292,.467,.353,,.460,.908,,.083,66,,.151,.381,,1,0,barnesc01
30,RJ Barrett,SG,23,TOT,45,1406,.475,10.8,,.697,.348,.256,.066,.026,.303,,.532,.671,.412,.318,.412,.343,,.602,.986,,.045,27,,.358,.431,,0,0,barrerj01
31,Charles Bassey,C,23,SAS,19,205,.725,5.0,,.975,.650,.100,.200,.025,.025,,.744,.846,.750,.500,.000,.000,,.793,,,.250,10,,.000,,,0,0,bassech01
32,Emoni Bates,SF,20,CLE,10,76,.240,23.1,,.200,.080,.040,.000,.080,.800,,.200,.000,.000,,.500,.250,,.000,1.000,,.000,0,,.100,.500,,0,0,batesem01
33,Keita Bates-Diop,SF,28,TOT,41,613,.439,12.3,,.581,.335,.181,.065,.000,.419,,.522,.615,.357,.500,,.323,,.617,.952,,.097,14,,.646,.333,,0,0,bateske01
34,Nicolas Batum,PF,35,TOT,34,846,.519,19.0,,.281,.200,.037,.030,.015,.719,,.684,.704,.800,.500,.500,.454,,.615,1.000,,.022,3,,.464,.533,,0,0,batumni01
35,Bradley Beal,SG,30,PHO,30,979,.495,13.5,,.688,.218,.211,.130,.130,.313,,.556,.713,.473,.500,.482,.363,,.442,.878,,.039,14,,.296,.375,,0,0,bealbr01
36,Malik Beasley,SG,27,MIL,53,1565,.472,20.5,,.265,.075,.106,.047,.037,.735,,.537,.714,.510,.455,.353,.449,,.621,.941,,.009,3,,.387,.523,,0,0,beaslma01
37,MarJon Beauchamp,SF,23,MIL,40,567,.477,14.9,,.537,.282,.121,.047,.087,.463,,.550,.619,.500,.429,.462,.391,,.591,.963,,.107,12,,.406,.429,,0,0,beaucma01
38,Jules Bernard,SG,24,WAS,6,28,.250,18.6,,.333,.250,.000,.083,.000,.667,,.500,.667,,.000,,.125,,.000,1.000,,.000,0,,.250,.000,,0,0,bernaju01
39,Dāvis Bertāns,PF,31,TOT,18,127,.366,24.3,,.049,.024,.000,.024,.000,.951,,.000,.000,,.000,,.385,,,.933,,.000,0,,.385,.333,,0,0,bertada01
40,Patrick Beverley,PG,35,TOT,50,963,.429,14.9,,.547,.154,.307,.071,.016,.453,,.504,.692,.462,.333,.250,.339,,.357,.795,,.004,1,,.243,.571,,0,0,beverpa01
41,Saddiq Bey,SF,24,ATL,54,1757,.422,14.6,,.480,.287,.157,.027,.009,.520,,.537,.637,.402,.313,.400,.316,,.483,.979,,.070,39,,.454,.283,,1,0,beysa01
42,Goga Bitadze,C,24,ORL,46,836,.619,3.5,,.945,.702,.232,.006,.006,.055,,.643,.724,.429,.000,.000,.200,,.655,1.000,,.304,49,,.200,.000,,0,0,bitadgo01
43,Onuralp Bitim,SG,24,CHI,1,3,,,,,,,,,,,,,,,,,,,,,,0,,,,,0,0,bitimon01
44,Bismack Biyombo,C,31,MEM,30,718,.563,3.7,,1.000,.487,.504,.008,.000,.000,,.563,.724,.417,.000,,,,.776,,,.210,24,,,,,0,0,biyombi01
45,Anthony Black,PG,20,ORL,50,906,.486,12.8,,.645,.306,.175,.087,.077,.355,,.551,.732,.438,.375,.286,.369,,.723,.958,,.098,16,,.523,.382,,0,0,blackan01
46,Leaky Black,SF,24,CHO,22,218,.436,12.1,,.615,.308,.231,.026,.051,.385,,.417,.667,.222,.000,.000,.467,,.600,1.000,,.077,3,,.467,.571,,0,0,blackle01
47,Bogdan Bogdanović,SG,31,ATL,53,1534,.432,18.6,,.402,.116,.150,.080,.057,.598,,.520,.593,.523,.458,.452,.372,,.594,.903,,.011,7,,.212,.447,,2,0,bogdabo01
48,Bojan Bogdanović,PF-SF,34,TOT,30,977,.467,16.6,,.513,.112,.201,.141,.060,.487,,.522,.720,.467,.492,.407,.408,,.575,.865,,.002,1,,.239,.423,,0,0,bogdabo02
49,Bol Bol,PF,24,PHO,18,158,.674,11.5,,.739,.239,.283,.196,.022,.261,,.794,1.000,.692,.778,.000,.333,,.667,1.000,,.130,5,,.500,.500,,0,0,bolbo01
50,Marques Bolden,C,25,MIL,2,3,,,,,,,,,,,,,,,,,,,,,,0,,,,,0,0,boldema01
51,Devin Booker,PG,27,PHO,45,1597,.500,15.3,,.698,.132,.161,.242,.163,.302,,.552,.789,.482,.531,.461,.379,,.369,.636,,.016,11,,.077,.500,,0,0,bookede01
52,Brandon Boston Jr.,SF,22,LAC,16,119,.379,14.7,,.655,.172,.155,.224,.103,.345,,.421,.600,.333,.462,.167,.300,,.625,.667,,.034,2,,.250,.600,,0,0,bostobr01
53,Chris Boucher,PF,31,TOR,46,641,.493,12.6,,.562,.369,.163,.010,.020,.438,,.623,.760,.364,.500,.250,.326,,.592,1.000,,.089,16,,.427,.263,,0,0,bouchch01
54,James Bouknight,SG,23,CHO,14,81,.439,20.2,,.268,.171,.049,.024,.024,.732,,.455,.714,.000,.000,.000,.433,,.400,.538,,.024,1,,.233,.286,,0,0,bouknja01
55,Jamaree Bouyea,PG,24,POR,6,57,.238,15.6,,.619,.238,.333,.000,.048,.381,,.385,.600,.143,,1.000,.000,,.400,,,.000,0,,.000,,,1,0,bouyeja01
56,Malaki Branham,PG,20,SAS,50,1010,.426,15.0,,.595,.175,.196,.149,.076,.405,,.504,.761,.307,.579,.276,.310,,.600,.958,,.021,8,,.252,.308,,0,0,branhma01
57,Christian Braun,SG,22,DEN,55,1046,.438,11.2,,.683,.324,.302,.029,.029,.317,,.474,.686,.295,.111,.333,.360,,.676,.972,,.063,18,,.280,.286,,1,0,braunch01
58,Mikal Bridges,SF,27,BRK,54,1900,.452,14.9,,.592,.188,.170,.170,.064,.408,,.508,.673,.426,.490,.293,.371,,.482,.870,,.018,15,,.363,.415,,2,0,bridgmi01
59,Miles Bridges,SF,25,CHO,43,1593,.464,13.7,,.627,.294,.192,.058,.083,.373,,.519,.655,.411,.409,.365,.371,,.591,.857,,.054,37,,.163,.348,,4,0,bridgmi02
60,Oshae Brissett,SF,25,BOS,36,399,.460,12.4,,.590,.340,.200,.010,.040,.410,,.576,.676,.450,1.000,.250,.293,,.647,1.000,,.140,13,,.561,.348,,0,0,brissos01
61,Malcolm Brogdon,PG,31,POR,39,1121,.440,15.4,,.599,.206,.157,.117,.119,.401,,.458,.608,.385,.431,.322,.412,,.257,.756,,.002,0,,.121,.500,,0,0,brogdma01
62,Armoni Brooks,PG,25,BRK,10,104,.326,20.0,,.304,.109,.152,.022,.022,.696,,.286,.000,.571,.000,.000,.344,,.750,.909,,.000,0,,.063,.000,,0,0,brookar01
63,Dillon Brooks,SF,28,HOU,45,1414,.448,15.0,,.552,.189,.244,.083,.037,.448,,.488,.708,.331,.452,.474,.399,,.599,.978,,.018,7,,.140,.469,,2,0,brookdi01
64,Bruce Brown,SG-PG,27,TOT,47,1346,.472,12.1,,.702,.244,.258,.160,.040,.298,,.536,.714,.432,.464,.412,.320,,.580,.902,,.026,11,,.414,.377,,1,0,brownbr01
65,Charlie Brown Jr.,SG,26,NYK,6,33,.222,18.2,,.333,.111,.222,.000,.000,.667,,.000,.000,.000,,,.333,,,1.000,,.000,0,,.333,.500,,0,0,brownch02
66,Greg Brown III,PF,22,DAL,6,40,.455,8.5,,.727,.636,.091,.000,.000,.273,,.500,.571,.000,,,.333,,.750,1.000,,.273,2,,.000,,,0,0,browngr01
67,Jaylen Brown,SF,27,BOS,50,1670,.492,13.4,,.672,.220,.249,.126,.077,.328,,.566,.747,.460,.560,.403,.342,,.404,.649,,.081,58,,.197,.375,,0,0,brownja02
68,Kendall Brown,SG,20,IND,5,20,.500,9.0,,.833,.333,.333,.167,.000,.167,,.600,1.000,.500,.000,,.000,,.667,,,.000,0,,.000,,,0,0,brownke03
69,Kobe Brown,PF,24,LAC,32,279,.371,17.7,,.371,.226,.081,.048,.016,.629,,.478,.571,.400,.000,1.000,.308,,.727,1.000,,.048,3,,.308,.167,,0,0,brownko01
70,Moses Brown,C,24,POR,9,82,.429,3.0,,1.000,.429,.571,.000,.000,.000,,.429,.444,.417,,,,,.667,,,.333,5,,,,,0,0,brownmo01
71,Troy Brown Jr.,SF,24,TOT,40,458,.440,20.0,,.299,.134,.090,.037,.037,.701,,.600,.722,.333,.600,.800,.372,,.500,.886,,.000,0,,.309,.379,,2,0,browntr01
72,Jalen Brunson,PG,27,NYK,52,1865,.483,14.5,,.681,.126,.270,.182,.103,.319,,.516,.654,.497,.466,.486,.411,,.218,.590,,.001,1,,.118,.500,,1,0,brunsja01
73,Thomas Bryant,C,26,MIA,25,259,.571,5.9,,.948,.481,.312,.091,.065,.052,,.603,.757,.542,.429,.000,.000,,.682,,,.286,20,,.250,.000,,0,0,bryanth01
74,Kobe Bufkin,SG,20,ATL,5,25,.300,22.0,,.300,.000,.100,.100,.100,.700,,.333,,.000,.000,1.000,.286,,1.000,.500,,.000,0,,.143,.000,,0,0,bufkiko01
75,Reggie Bullock,SF,32,HOU,22,206,.426,21.5,,.234,.043,.064,.043,.085,.766,,.455,1.000,.333,.500,.250,.417,,1.000,.933,,.000,0,,.444,.500,,0,0,bullore01
76,Alec Burks,SG,32,TOT,46,970,.390,19.1,,.403,.070,.135,.110,.088,.597,,.374,.484,.300,.429,.333,.400,,.522,.783,,.000,0,,.291,.390,,0,0,burksal01
77,Jared Butler,SG,23,WAS,18,130,.560,15.4,,.520,.260,.260,.000,.000,.480,,.692,.923,.462,,,.417,,.444,.700,,.040,2,,.042,1.000,,1,0,butleja02
78,Jimmy Butler,PF,34,MIA,37,1254,.500,9.7,,.831,.268,.353,.155,.054,.169,,.512,.669,.463,.364,.481,.440,,.464,.784,,.050,23,,.440,.459,,0,0,butleji01
79,Jamal Cain,PF,24,MIA,16,225,.420,12.7,,.623,.246,.232,.101,.043,.377,,.488,.647,.313,.429,.667,.308,,.667,.875,,.087,5,,.654,.294,,0,0,cainja01
80,Kentavious Caldwell-Pope,SG,30,DEN,50,1596,.443,16.6,,.517,.186,.094,.092,.145,.483,,.502,.548,.432,.500,.491,.379,,.804,.972,,.010,4,,.374,.423,,0,0,caldwke01
81,Toumani Camara,PF,23,POR,52,1235,.427,12.0,,.589,.354,.204,.022,.010,.411,,.514,.613,.359,.429,.333,.302,,.537,1.000,,.083,20,,.426,.273,,0,0,camarto01
82,Clint Capela,C,29,ATL,47,1209,.575,2.2,,1.000,.727,.266,.003,.005,.000,,.575,.638,.419,.000,.000,,,.639,,,.263,97,,,,,0,0,capelca01
83,Jevon Carter,PG,28,CHI,52,710,.371,20.5,,.353,.036,.091,.149,.076,.647,,.433,.300,.440,.463,.429,.337,,.619,.867,,.000,0,,.270,.417,,1,0,carteje01
84,Wendell Carter Jr.,C,24,ORL,29,759,.535,12.2,,.637,.327,.212,.071,.027,.363,,.611,.838,.333,.500,.333,.402,,.761,1.000,,.190,37,,.366,.367,,0,0,cartewe01
85,Alex Caruso,SG,29,CHI,47,1274,.482,16.8,,.395,.225,.126,.024,.021,.605,,.606,.720,.429,.625,.429,.401,,.475,.901,,.033,10,,.361,.342,,0,0,carusal01
86,Colin Castleton,C,23,LAL,7,36,.700,3.6,,1.000,.700,.200,.100,.000,.000,,.700,.714,.500,1.000,,,,.714,,,.200,2,,,,,0,0,castlco01
87,Malcolm Cazalon,SG,22,DET,1,3,,,,,,,,,,,,,,,,,,,,,,0,,,,,0,0,cazalma01
88,Julian Champagnie,SF,22,SAS,48,796,.398,19.3,,.279,.159,.088,.013,.018,.721,,.476,.639,.300,.000,.250,.368,,.900,.967,,.040,6,,.307,.380,,0,0,champju02
89,Max Christie,SG,20,LAL,43,740,.422,16.5,,.514,.146,.168,.135,.065,.486,,.484,.593,.323,.560,.500,.356,,.674,.969,,.070,12,,.389,.429,,1,0,chrisma02
90,Sidy Cissoko,SF,19,SAS,5,32,.167,18.5,,.333,.000,.333,.000,.000,.667,,.500,,.500,,,.000,,1.000,,,.000,0,,.500,.000,,0,0,cissosi01
91,Jordan Clarkson,SG,31,UTA,45,1354,.415,14.9,,.619,.116,.336,.122,.045,.381,,.486,.590,.478,.415,.467,.301,,.366,.688,,.013,9,,.141,.389,,6,0,clarkjo01
92,Nic Claxton,C,24,BRK,44,1294,.625,3.7,,.989,.582,.346,.051,.011,.011,,.629,.758,.469,.263,.500,.250,,.692,1.000,,.285,95,,1.000,.250,,0,0,claxtni01
93,Noah Clowney,PF,19,BRK,7,69,.611,7.7,,.778,.444,.333,.000,.000,.222,,.714,1.000,.333,,,.250,,.700,1.000,,.167,3,,.750,.000,,0,0,clownno01
94,Amir Coffey,SF,26,LAC,41,735,.562,15.6,,.506,.179,.185,.117,.025,.494,,.671,.828,.667,.421,.750,.450,,.782,.972,,.037,6,,.600,.438,,2,0,coffeam01
95,John Collins,PF,26,UTA,51,1417,.522,11.1,,.680,.318,.269,.051,.042,.320,,.610,.789,.480,.429,.304,.335,,.724,.983,,.138,72,,.506,.360,,0,0,collijo01
96,Zach Collins,C,26,SAS,43,1040,.475,12.3,,.661,.259,.289,.078,.035,.339,,.582,.718,.504,.581,.214,.267,,.654,1.000,,.043,17,,.096,.231,,0,0,colliza01
97,Mike Conley,PG,36,MIN,49,1424,.443,19.3,,.349,.074,.142,.099,.033,.651,,.445,.655,.464,.308,.308,.441,,.410,.832,,.000,0,,.250,.516,,0,0,conlemi01
98,Pat Connaughton,SF,31,MIL,49,1042,.458,18.5,,.294,.184,.104,.000,.005,.706,,.627,.784,.333,,1.000,.387,,.649,.945,,.015,2,,.465,.424,,0,0,connapa01
99,Bilal Coulibaly,SF,19,WAS,53,1426,.444,13.0,,.590,.309,.199,.039,.042,.410,,.500,.682,.338,.143,.267,.363,,.638,.943,,.146,45,,.466,.426,,0,0,coulibi01
100,Ricky Council IV,SG,22,PHI,14,138,.492,9.3,,.763,.390,.288,.051,.034,.237,,.556,.609,.471,.667,.500,.286,,.600,1.000,,.085,4,,.143,.000,,0,0,councri01
101,Robert Covington,SF-PF,33,TOT,29,488,.439,16.4,,.429,.245,.143,.031,.010,.571,,.571,.625,.571,.333,.000,.339,,.750,1.000,,.031,3,,.268,.467,,0,0,covinro01
102,Torrey Craig,SF,33,CHI,33,694,.425,16.7,,.407,.222,.126,.018,.042,.593,,.500,.622,.381,.333,.286,.374,,.529,.946,,.024,3,,.434,.349,,0,0,craigto01
103,Jae Crowder,PF,33,MIL,24,593,.438,19.7,,.343,.088,.117,.058,.080,.657,,.553,.667,.625,.500,.364,.378,,.885,.941,,.000,0,,.400,.333,,0,0,crowdja01
104,Cade Cunningham,PG,22,DET,44,1496,.446,13.3,,.723,.194,.257,.158,.114,.277,,.489,.618,.409,.500,.435,.335,,.259,.747,,.020,15,,.116,.346,,2,0,cunnica01
105,Seth Curry,SG,33,TOT,39,513,.395,19.9,,.449,.066,.084,.072,.228,.551,,.440,.818,.571,.083,.395,.359,,.485,.848,,.000,0,,.315,.448,,1,0,curryse01
106,Stephen Curry,PG,35,GSW,49,1638,.465,19.9,,.394,.072,.176,.059,.086,.606,,.529,.700,.494,.483,.488,.423,,.374,.596,,.000,0,,.074,.636,,2,0,curryst01
107,Dyson Daniels,PG,20,NOP,52,1139,.438,14.1,,.570,.242,.227,.094,.008,.430,,.548,.629,.552,.333,.500,.291,,.500,1.000,,.059,11,,.373,.390,,3,0,daniedy01
108,Anthony Davis,C,30,LAL,52,1858,.553,7.8,,.925,.367,.327,.140,.091,.075,,.575,.749,.503,.408,.383,.284,,.684,.947,,.155,129,,.090,.167,,0,0,davisan02
109,Johnny Davis,SG,21,WAS,23,183,.407,9.1,,.881,.288,.373,.169,.051,.119,,.423,.706,.409,.100,.000,.286,,.500,1.000,,.034,2,,.143,.000,,1,0,davisjo06
110,JD Davison,SG,21,BOS,2,6,.000,24.3,,.000,.000,.000,.000,.000,1.000,,,,,,,.000,,,,,.000,0,,1.000,.000,,0,0,davisjd01
111,Dexter Dennis,SG,24,DAL,4,30,.526,14.3,,.579,.316,.053,.105,.105,.421,,.818,1.000,1.000,.500,.500,.125,,.444,1.000,,.053,1,,.000,,,0,0,dennide01
112,DeMar DeRozan,SF,34,CHI,53,1996,.472,13.4,,.833,.172,.173,.249,.240,.167,,.499,.695,.474,.502,.374,.333,,.273,.898,,.022,15,,.333,.429,,0,0,derozde01
113,Moussa Diabaté,C,22,LAC,10,58,.500,3.3,,1.000,.556,.389,.056,.000,.000,,.500,.700,.286,.000,,,,.556,,,.333,4,,,,,0,0,diabamo01
114,Mamadi Diakite,PF,27,SAS,3,16,.800,4.2,,1.000,.600,.400,.000,.000,.000,,.800,.667,1.000,,,,,1.000,,,.200,1,,,,,0,0,diakima01
115,Hamidou Diallo,SG,25,WAS,2,5,.500,0.1,,1.000,1.000,.000,.000,.000,.000,,.500,.500,,,,,,.000,,,.000,0,,,,,0,0,diallha01
116,Gradey Dick,SG,20,TOR,34,520,.403,18.0,,.384,.176,.101,.057,.050,.616,,.475,.607,.313,.333,.500,.357,,.828,1.000,,.038,5,,.418,.488,,0,0,dickgr01
117,Ousmane Dieng,PF,20,OKC,29,326,.426,18.1,,.366,.188,.099,.040,.040,.634,,.622,.842,.200,.500,.750,.313,,.913,1.000,,.119,12,,.328,.524,,0,0,diengou01
118,Spencer Dinwiddie,PG,30,TOT,50,1533,.393,17.1,,.438,.139,.221,.059,.020,.562,,.487,.648,.451,.333,.200,.321,,.156,.717,,.016,5,,.216,.452,,2,0,dinwisp01
119,Donte DiVincenzo,SG,27,NYK,54,1348,.458,18.9,,.307,.193,.079,.023,.012,.693,,.554,.600,.422,.615,.571,.415,,.598,.927,,.023,10,,.261,.495,,2,0,divindo01
120,Luka Dončić,PG,24,DAL,47,1760,.492,16.6,,.562,.127,.203,.162,.070,.438,,.583,.843,.558,.461,.468,.375,,.155,.298,,.002,2,,.035,.294,,3,0,doncilu01
121,Luguentz Dort,SF,24,OKC,52,1481,.439,16.9,,.408,.226,.108,.045,.028,.592,,.509,.604,.391,.526,.167,.390,,.670,.990,,.047,18,,.307,.390,,0,0,dortlu01
122,Ayo Dosunmu,SG,24,CHI,53,1349,.505,13.4,,.577,.321,.147,.058,.051,.423,,.569,.662,.459,.417,.476,.417,,.581,.904,,.022,9,,.543,.358,,1,0,dosunay01
123,Andre Drummond,C,30,CHI,55,919,.557,2.8,,.991,.752,.217,.021,.000,.009,,.562,.610,.408,.429,,.000,,.544,,,.183,49,,.000,,,3,0,drumman01
124,Chris Duarte,SF,26,SAC,37,472,.364,17.1,,.450,.186,.116,.078,.070,.550,,.414,.667,.333,.300,.000,.324,,.750,.913,,.039,4,,.380,.407,,0,0,duartch01
125,Kris Dunn,PG,29,UTA,47,843,.475,12.4,,.662,.178,.425,.050,.009,.338,,.510,.667,.462,.364,.500,.405,,.257,.967,,.059,13,,.324,.458,,1,0,dunnkr01
126,Kevin Durant,PF,35,PHO,48,1775,.538,14.8,,.732,.126,.160,.287,.159,.268,,.573,.878,.555,.492,.497,.443,,.496,.796,,.058,53,,.148,.528,,0,0,duranke01
127,Jalen Duren,C,20,DET,39,1172,.631,3.8,,.992,.533,.395,.048,.016,.008,,.636,.736,.557,.389,.000,.000,,.676,,,.276,98,,.000,,,0,0,durenja01
128,Tari Eason,PF,22,HOU,22,480,.466,9.9,,.735,.434,.185,.069,.048,.265,,.504,.561,.371,.462,.556,.360,,.471,1.000,,.122,20,,.300,.267,,0,0,easonta01
129,Anthony Edwards,SG,22,MIN,51,1786,.468,14.3,,.654,.216,.188,.129,.121,.346,,.512,.728,.449,.386,.361,.385,,.321,.550,,.051,42,,.097,.424,,3,0,edwaran01
130,Kessler Edwards,SF,23,SAC,36,178,.412,18.5,,.353,.196,.078,.000,.078,.647,,.500,.700,.250,,.250,.364,,.556,1.000,,.059,2,,.455,.467,,0,0,edwarke02
131,Keon Ellis,SG,24,SAC,33,379,.422,22.4,,.189,.089,.056,.022,.022,.811,,.647,.625,.600,1.000,.500,.370,,.636,.926,,.022,2,,.274,.250,,1,0,elliske01
132,Joel Embiid,C,29,PHI,34,1157,.533,11.9,,.851,.233,.198,.243,.178,.149,,.562,.744,.470,.492,.522,.366,,.532,.805,,.029,19,,.027,.333,,1,0,embiijo01
133,Drew Eubanks,C,26,PHO,49,785,.626,4.7,,.983,.458,.441,.056,.028,.017,,.619,.768,.544,.300,.000,1.000,,.807,1.000,,.313,46,,1.000,1.000,,0,0,eubandr01
134,Tosan Evbuomwan,SF,22,TOT,5,82,.353,14.1,,.471,.118,.353,.000,.000,.529,,.375,1.000,.167,,,.333,,1.000,1.000,,.000,0,,.778,.429,,0,0,evbuoto01
135,Dante Exum,PG,28,DAL,32,631,.571,11.4,,.680,.335,.261,.054,.030,.320,,.616,.779,.434,.727,.167,.477,,.529,.968,,.074,14,,.354,.435,,2,0,exumda01
136,Bruno Fernando,C,25,ATL,18,161,.529,5.0,,.941,.510,.353,.059,.020,.059,,.563,.808,.333,.000,.000,.000,,.741,,,.216,10,,.000,,,0,0,fernabr01
137,Dorian Finney-Smith,PF,30,BRK,45,1265,.409,18.1,,.323,.203,.097,.011,.011,.677,,.478,.592,.265,.750,.000,.376,,.778,.978,,.060,17,,.342,.420,,2,0,finnedo01
138,Malachi Flynn,PG,25,TOT,47,544,.402,17.4,,.421,.189,.128,.061,.043,.579,,.478,.548,.429,.600,.143,.347,,.424,.879,,.000,0,,.179,.471,,0,0,flynnma01
139,Simone Fontecchio,SF,28,TOT,53,1238,.450,17.4,,.364,.176,.161,.020,.008,.636,,.559,.643,.484,.375,.667,.387,,.704,.990,,.053,17,,.435,.382,,0,0,fontesi01
140,Jordan Ford,PG,25,SAC,6,22,.571,18.2,,.571,.143,.000,.286,.143,.429,,.500,1.000,,.500,.000,.667,,.000,.500,,.000,0,,.333,1.000,,0,0,fordjo01
141,Trent Forrest,SG,25,ATL,20,210,.319,9.7,,.851,.191,.468,.191,.000,.149,,.325,.333,.182,.667,,.286,,.154,1.000,,.021,1,,.286,.000,,0,0,forretr01
142,Evan Fournier,SG,31,TOT,5,89,.293,19.5,,.341,.122,.073,.122,.024,.659,,.429,.600,.000,.600,.000,.222,,.333,1.000,,.000,0,,.222,.500,,0,0,fournev01
143,De'Aaron Fox,PG,26,SAC,48,1709,.464,14.8,,.622,.153,.244,.159,.066,.378,,.518,.671,.533,.449,.273,.376,,.166,.610,,.017,14,,.125,.489,,1,0,foxde01
144,Javon Freeman-Liberty,PG,24,TOR,2,4,.333,6.8,,1.000,.333,.333,.333,.000,.000,,.333,1.000,.000,.000,,,,.000,,,.000,0,,,,,0,0,freemja01
145,Alex Fudge,SF,20,LAL,4,14,.167,15.9,,.667,.000,.333,.167,.167,.333,,.250,,.000,1.000,.000,.000,,.000,,,.000,0,,.500,.000,,0,0,fudgeal01
146,Markelle Fultz,PG,25,ORL,21,504,.491,6.7,,.959,.408,.337,.160,.053,.041,,.506,.667,.421,.370,.222,.143,,.354,1.000,,.059,8,,.857,.167,,1,0,fultzma01
147,Daniel Gafford,C-PF,25,TOT,48,1256,.683,3.1,,1.000,.652,.302,.040,.006,.000,,.683,.764,.551,.385,.500,,,.725,,,.348,103,,,,,0,0,gaffoda01
148,Danilo Gallinari,PF-SF,35,TOT,32,475,.451,18.1,,.503,.137,.105,.150,.111,.497,,.545,.810,.438,.522,.353,.355,,.524,.852,,.046,5,,.092,.571,,0,0,gallida01
149,Darius Garland,PG,24,CLE,29,922,.471,14.3,,.648,.199,.250,.124,.075,.352,,.547,.683,.476,.490,.516,.331,,.315,.708,,.000,0,,.166,.375,,0,0,garlada01
150,Usman Garuba,PF,21,GSW,2,6,.000,1.1,,1.000,1.000,.000,.000,.000,.000,,.000,.000,,,,,,,,,.000,0,,,,,0,0,garubus01
151,Luka Garza,C,25,MIN,13,39,.440,13.3,,.640,.200,.320,.120,.000,.360,,.500,.400,.375,1.000,,.333,,.375,1.000,,.040,1,,.111,.000,,0,0,garzalu01
152,Kaiser Gates,SF,27,NOP,1,7,.000,13.7,,.500,.500,.000,.000,.000,.500,,.000,.000,,,,.000,,,,,.000,0,,.000,,,0,0,gateska01
153,Keyonte George,PG,20,UTA,49,1206,.385,18.2,,.441,.086,.227,.081,.046,.559,,.450,.692,.398,.432,.286,.335,,.411,.694,,.022,10,,.130,.364,,3,0,georgke01
154,Paul George,PF,33,LAC,50,1685,.458,17.6,,.518,.128,.144,.113,.134,.482,,.518,.718,.460,.474,.426,.393,,.494,.712,,.031,20,,.135,.429,,1,0,georgpa01
155,Taj Gibson,PF,38,NYK,16,165,.304,10.1,,.739,.391,.217,.000,.130,.261,,.412,.444,.200,,.667,.000,,.571,,,.087,1,,1.000,.000,,0,0,gibsota01
156,Josh Giddey,SG,21,OKC,53,1321,.447,10.8,,.715,.269,.353,.067,.025,.285,,.496,.615,.402,.541,.429,.325,,.554,.961,,.005,3,,.389,.344,,0,0,giddejo01
157,Harry Giles,C,25,BRK,16,81,.500,9.8,,.750,.386,.250,.068,.045,.250,,.576,.647,.545,.333,.500,.273,,.684,1.000,,.136,5,,.273,.333,,0,0,gilesha01
158,Shai Gilgeous-Alexander,PG,25,OKC,53,1831,.546,10.8,,.835,.263,.245,.257,.071,.165,,.580,.743,.488,.509,.547,.371,,.237,.354,,.031,32,,.074,.538,,0,0,gilgesh01
159,Anthony Gill,PF,31,WAS,29,163,.489,9.1,,.745,.383,.319,.043,.000,.255,,.571,.722,.400,.500,,.250,,.650,1.000,,.043,2,,.333,.000,,0,0,gillan01
160,Collin Gillespie,PG,24,DEN,18,137,.444,18.6,,.444,.111,.139,.056,.139,.556,,.563,.500,.600,1.000,.400,.350,,.222,.857,,.000,0,,.100,.000,,0,0,gilleco01
161,Jacob Gilyard,PG,25,MEM,36,639,.426,23.7,,.156,.021,.043,.014,.078,.844,,.409,.333,.500,.000,.455,.429,,.111,.824,,.000,0,,.252,.500,,1,0,gilyaja01
162,Rudy Gobert,C,31,MIN,53,1775,.648,2.6,,.995,.749,.204,.026,.014,.005,,.651,.737,.414,.364,.167,.000,,.696,,,.441,171,,.000,,,0,0,goberru01
163,Jordan Goodwin,PG,25,TOT,41,582,.393,14.6,,.592,.214,.204,.114,.060,.408,,.462,.674,.341,.348,.333,.293,,.364,.875,,.005,0,,.244,.350,,0,0,goodwjo01
164,Aaron Gordon,PF,28,DEN,49,1555,.545,7.4,,.811,.541,.199,.051,.020,.189,,.598,.750,.330,.120,.400,.315,,.633,.793,,.254,113,,.359,.424,,1,0,gordoaa01
165,Eric Gordon,SG,35,PHO,47,1394,.460,18.3,,.364,.170,.157,.032,.004,.636,,.585,.763,.405,.533,.500,.388,,.590,.931,,.002,1,,.194,.431,,1,0,gordoer01
166,Devonte' Graham,PG,28,SAS,12,99,.367,21.5,,.267,.100,.000,.100,.067,.733,,.500,.667,,.333,.500,.318,,.500,.571,,.000,0,,.182,.250,,0,0,grahade01
167,Jerami Grant,PF,29,POR,46,1564,.457,13.1,,.678,.214,.256,.097,.111,.322,,.483,.604,.416,.417,.463,.402,,.440,.979,,.028,15,,.335,.463,,0,0,grantje01
168,A.J. Green,SG,24,MIL,35,321,.427,24.0,,.128,.026,.026,.026,.051,.872,,.533,1.000,.333,.333,.500,.412,,1.000,.929,,.000,0,,.225,.522,,0,0,greenaj01
169,Danny Green,SG,36,PHI,2,18,.000,22.5,,.500,.000,.000,.000,.500,.500,,.000,,,,.000,.000,,,,,.000,0,,1.000,.000,,0,0,greenda02
170,Draymond Green,PF,33,GSW,28,752,.500,12.0,,.638,.306,.270,.051,.010,.362,,.552,.667,.491,.100,1.000,.408,,.783,.897,,.020,4,,.296,.476,,0,0,greendr01
171,Jalen Green,SG,21,HOU,54,1653,.411,15.4,,.568,.223,.177,.070,.098,.432,,.490,.676,.340,.316,.463,.307,,.392,.574,,.038,28,,.091,.375,,2,0,greenja05
172,Jeff Green,PF,37,HOU,52,881,.482,12.7,,.655,.241,.291,.091,.032,.345,,.583,.774,.469,.600,.143,.289,,.690,.909,,.073,13,,.487,.324,,2,0,greenje02
173,Josh Green,SG,23,DAL,42,1148,.491,14.8,,.491,.251,.162,.038,.041,.509,,.573,.795,.298,.364,.500,.412,,.732,.951,,.079,21,,.588,.425,,0,0,greenjo02
174,AJ Griffin,SF,20,ATL,18,132,.289,21.3,,.267,.044,.111,.044,.067,.733,,.333,1.000,.200,.000,.333,.273,,.750,.889,,.022,1,,.242,.250,,0,0,griffaj01
175,Quentin Grimes,SG,23,NYK,45,910,.395,19.6,,.259,.171,.045,.010,.031,.741,,.486,.592,.385,.000,.222,.363,,.750,.961,,.014,1,,.325,.391,,0,0,grimequ01
176,Mouhamadou Gueye,PF,25,TOR,1,6,.333,2.6,,1.000,.667,.333,.000,.000,.000,,.333,.500,.000,,,,,1.000,,,.000,0,,,,,0,0,gueyemo01
177,Mouhamed Gueye,PF,21,ATL,2,4,.000,22.6,,.000,.000,.000,.000,.000,1.000,,,,,,,.000,,,,,.000,0,,1.000,.000,,0,0,gueyemo02
178,Rui Hachimura,PF,25,LAL,42,1018,.515,13.0,,.651,.292,.182,.083,.091,.349,,.576,.771,.441,.452,.353,.400,,.793,.981,,.115,41,,.331,.395,,0,0,hachiru01
179,Ashton Hagans,PG,24,POR,3,54,.364,12.4,,.636,.364,.182,.091,.000,.364,,.571,.750,.000,1.000,,.000,,.750,,,.000,0,,.000,,,0,0,haganas01
180,Tyrese Haliburton,PG,23,IND,43,1376,.492,17.4,,.501,.157,.173,.097,.073,.499,,.584,.617,.602,.561,.500,.400,,.276,.426,,.023,16,,.068,.478,,2,0,halibty01
181,R.J. Hampton,PG,22,MIA,8,76,.286,17.0,,.429,.143,.143,.143,.000,.571,,.500,.500,.500,.500,,.125,,.333,1.000,,.000,0,,.375,.000,,0,0,hamptrj01
182,Tim Hardaway Jr.,SF,31,DAL,52,1547,.414,19.6,,.394,.099,.086,.107,.103,.606,,.490,.699,.406,.456,.395,.365,,.685,.878,,.018,12,,.241,.407,,2,0,hardati02
183,James Harden,PG,34,LAC,48,1661,.450,18.4,,.412,.142,.146,.093,.031,.588,,.491,.731,.313,.471,.294,.421,,.180,.449,,.002,1,,.065,.429,,0,0,hardeja01
184,Jaden Hardy,SG,21,DAL,50,783,.409,16.9,,.497,.177,.116,.126,.078,.503,,.449,.591,.302,.468,.310,.369,,.458,.812,,.024,7,,.257,.375,,2,0,hardyja02
185,Ron Harper Jr.,PF,23,TOR,1,4,,,,,,,,,,,,,,,,,,,,,,0,,,,,0,0,harpero02
186,Gary Harris,SG,29,ORL,33,743,.432,19.5,,.322,.120,.126,.044,.033,.678,,.644,.773,.609,.625,.333,.331,,.763,.976,,.022,4,,.379,.340,,1,0,harriga01
187,Joe Harris,SG,32,DET,16,170,.359,20.3,,.231,.103,.128,.000,.000,.769,,.444,.500,.400,,,.333,,1.000,1.000,,.000,0,,.467,.500,,0,0,harrijo01
188,Kevon Harris,SG,26,ORL,2,6,.667,11.5,,1.000,.333,.000,.333,.333,.000,,.667,1.000,,.000,1.000,,,.500,,,.000,0,,,,,0,0,harrike01
189,Tobias Harris,PF,31,PHI,48,1630,.507,11.2,,.746,.291,.264,.139,.052,.254,,.562,.688,.450,.584,.364,.346,,.429,.929,,.055,33,,.241,.385,,0,0,harrito02
190,Shaquille Harrison,SG,30,MEM,3,6,.500,1.1,,1.000,1.000,.000,.000,.000,.000,,.500,.500,,,,,,1.000,,,.000,0,,,,,0,0,harrish01
191,Josh Hart,SF,28,NYK,54,1613,.423,13.5,,.584,.286,.171,.096,.031,.416,,.507,.673,.348,.405,.167,.306,,.614,.878,,.016,6,,.269,.349,,0,0,hartjo01
192,Isaiah Hartenstein,C,25,NYK,50,1280,.619,3.1,,.987,.693,.242,.052,.000,.013,,.623,.700,.500,.167,,.333,,.613,1.000,,.255,54,,.000,,,0,0,harteis01
193,Sam Hauser,SF,26,BOS,54,1162,.443,23.2,,.138,.073,.047,.009,.009,.862,,.638,.640,.563,.667,1.000,.412,,.733,.983,,.023,8,,.221,.523,,2,0,hausesa01
194,Jordan Hawkins,SG,21,NOP,48,969,.401,20.3,,.348,.087,.077,.071,.113,.652,,.439,.576,.379,.333,.442,.381,,.759,.989,,.026,7,,.263,.477,,2,0,hawkijo01
195,Jaxson Hayes,C,23,LAL,45,496,.701,4.6,,.938,.680,.247,.000,.010,.062,,.747,.833,.500,,1.000,.000,,.853,,,.361,32,,.167,.000,,1,0,hayesja02
196,Killian Hayes,PG,22,DET,42,1008,.413,14.7,,.739,.060,.226,.343,.110,.261,,.455,.706,.469,.423,.387,.297,,.484,.864,,.018,5,,.284,.381,,0,0,hayeski01
197,Gordon Hayward,SF,33,CHO,25,798,.468,12.3,,.795,.209,.249,.202,.135,.205,,.496,.742,.432,.467,.275,.361,,.556,.955,,.051,14,,.279,.412,,0,0,haywago01
198,Scoot Henderson,PG,19,POR,42,1128,.374,13.4,,.668,.298,.150,.140,.081,.332,,.403,.503,.257,.435,.250,.317,,.308,.654,,.028,12,,.140,.261,,2,0,hendesc01
199,Taylor Hendricks,PF,20,UTA,16,234,.378,16.8,,.392,.162,.176,.041,.014,.608,,.483,.667,.308,.667,.000,.311,,.643,1.000,,.095,6,,.400,.444,,0,0,hendrita01
200,Tyler Herro,SG,24,MIA,35,1179,.437,17.2,,.546,.088,.185,.167,.106,.454,,.471,.589,.462,.472,.388,.396,,.411,.807,,.008,3,,.118,.441,,1,0,herroty01
201,Buddy Hield,SF-SG,31,TOT,56,1492,.452,19.3,,.318,.168,.095,.019,.036,.682,,.584,.643,.527,.364,.571,.390,,.704,.897,,.010,5,,.156,.387,,0,0,hieldbu01
202,Haywood Highsmith,PF,27,MIA,40,847,.421,17.0,,.406,.168,.188,.025,.025,.594,,.500,.588,.447,.600,.200,.367,,.683,1.000,,.054,10,,.425,.412,,0,0,highsha01
203,Nate Hinton,SG,24,HOU,11,58,.500,16.8,,.450,.250,.100,.000,.100,.550,,.333,.400,.500,,.000,.636,,.000,.714,,.000,0,,.091,.000,,0,0,hintona01
204,D'Moi Hodge,SG,25,LAL,7,41,.333,21.8,,.200,.133,.000,.000,.067,.800,,.667,.500,,,1.000,.250,,1.000,1.000,,.000,0,,.250,.333,,0,0,hodgedm01
205,Aaron Holiday,PG,27,HOU,51,913,.462,17.6,,.452,.124,.169,.110,.048,.548,,.527,.667,.490,.531,.286,.409,,.275,.846,,.007,2,,.226,.444,,1,0,holidaa01
206,Jrue Holiday,PG,33,BOS,50,1665,.473,15.5,,.555,.171,.222,.101,.061,.445,,.500,.667,.487,.302,.406,.440,,.466,.718,,.011,4,,.226,.642,,1,0,holidjr01
207,Justin Holiday,SG,34,DEN,32,474,.446,20.1,,.297,.119,.030,.020,.129,.703,,.567,.750,.333,.500,.462,.394,,.706,1.000,,.069,7,,.563,.475,,0,0,holidju01
208,Richaun Holmes,C-PF,30,TOT,25,261,.574,3.3,,1.000,.647,.309,.044,.000,.000,,.574,.705,.333,.333,,,,.667,,,.162,11,,,,,0,0,holmeri01
209,Chet Holmgren,C,21,OKC,54,1624,.535,12.9,,.639,.282,.216,.104,.038,.361,,.616,.749,.577,.455,.292,.393,,.672,.978,,.142,83,,.105,.250,,2,0,holmgch01
210,Jalen Hood-Schifino,SG,20,LAL,17,96,.237,15.3,,.711,.132,.237,.079,.263,.289,,.296,.600,.111,.333,.300,.091,,.625,1.000,,.026,1,,.091,.000,,0,0,hoodsja01
211,Al Horford,C,37,BOS,45,1224,.484,18.1,,.347,.159,.134,.029,.025,.653,,.625,.773,.514,.500,.429,.409,,.667,1.000,,.043,11,,.398,.403,,0,0,horfoal01
212,Talen Horton-Tucker,PG,23,UTA,35,721,.410,13.4,,.626,.201,.307,.088,.030,.374,,.461,.652,.446,.172,.200,.325,,.263,.800,,.040,10,,.236,.345,,2,0,hortota01
213,Danuel House Jr.,SF,30,PHI,34,509,.448,14.5,,.524,.343,.124,.019,.038,.476,,.582,.694,.308,1.000,.250,.300,,.719,.933,,.038,4,,.480,.375,,2,0,houseda01
214,Caleb Houstan,SF,21,ORL,40,596,.390,24.0,,.071,.019,.019,.019,.013,.929,,.636,.667,.667,1.000,.000,.371,,.571,.981,,.000,0,,.357,.373,,0,0,houstca01
215,Jett Howard,SF,20,ORL,13,49,.364,22.8,,.227,.045,.091,.045,.045,.773,,.600,.000,1.000,1.000,.000,.294,,1.000,.800,,.000,0,,.059,.000,,0,0,howarje01
216,Kevin Huerter,SG,25,SAC,52,1298,.452,18.3,,.383,.152,.141,.073,.017,.617,,.587,.718,.591,.382,.250,.368,,.790,.943,,.021,8,,.188,.444,,0,0,huertke01
217,Jay Huff,C,25,DEN,8,22,.571,19.6,,.286,.143,.143,.000,.000,.714,,1.000,1.000,1.000,,,.400,,1.000,1.000,,.000,0,,.000,,,0,0,huffja01
218,De'Andre Hunter,SF,26,ATL,31,881,.470,15.6,,.558,.183,.149,.149,.076,.442,,.508,.650,.490,.449,.320,.421,,.634,.852,,.027,7,,.352,.412,,0,0,huntede01
219,Matthew Hurt,PF,23,MEM,3,56,.333,19.2,,.444,.056,.167,.000,.222,.556,,.500,.000,.667,,.500,.200,,.750,1.000,,.000,0,,.400,.250,,0,0,hurtma01
220,Bones Hyland,PG,23,LAC,19,251,.367,17.8,,.467,.117,.192,.125,.033,.533,,.429,.500,.435,.400,.250,.313,,.375,.600,,.008,1,,.109,.571,,0,0,hylanbo01
221,Joe Ingles,SF,36,ORL,41,711,.413,19.6,,.313,.088,.206,.013,.006,.688,,.420,.714,.303,.000,1.000,.409,,.429,.933,,.000,0,,.173,.421,,2,0,inglejo01
222,Brandon Ingram,SF,26,NOP,51,1701,.490,14.5,,.762,.144,.148,.286,.184,.238,,.531,.725,.460,.519,.455,.362,,.399,.750,,.031,26,,.126,.400,,2,0,ingrabr01
223,Kyrie Irving,SG,31,DAL,33,1119,.491,14.6,,.642,.170,.219,.167,.086,.358,,.534,.664,.563,.454,.357,.414,,.351,.729,,.005,2,,.172,.575,,0,0,irvinky01
224,Jonathan Isaac,PF,26,ORL,37,549,.474,11.7,,.634,.423,.114,.051,.046,.366,,.586,.743,.350,.222,.125,.281,,.646,1.000,,.211,33,,.469,.367,,1,0,isaacjo01
225,Jaden Ivey,SG,21,DET,50,1383,.454,13.3,,.637,.257,.240,.113,.027,.363,,.507,.686,.399,.373,.313,.361,,.432,.872,,.018,10,,.264,.404,,5,0,iveyja01
226,Andre Jackson Jr.,SG,22,MIL,44,494,.529,14.0,,.529,.271,.129,.106,.024,.471,,.667,.783,.364,.667,1.000,.375,,.533,1.000,,.165,14,,.625,.360,,0,0,jacksan01
227,GG Jackson II,PF,19,MEM,22,417,.443,15.3,,.497,.301,.131,.016,.049,.503,,.495,.636,.292,.667,.111,.391,,.667,.944,,.093,14,,.250,.522,,0,0,jacksgg01
228,Isaiah Jackson,C,22,IND,43,590,.652,3.3,,.978,.663,.272,.033,.011,.022,,.667,.770,.420,.667,.500,.000,,.817,,,.353,57,,.500,.000,,0,0,jacksis01
229,Jaren Jackson Jr.,C,24,MEM,51,1623,.449,12.2,,.670,.224,.368,.067,.010,.330,,.510,.638,.438,.508,.333,.325,,.478,.957,,.034,26,,.142,.317,,6,0,jacksja02
230,Reggie Jackson,PG,33,DEN,55,1272,.457,14.5,,.639,.194,.238,.096,.111,.361,,.505,.653,.476,.420,.379,.372,,.387,.757,,.013,5,,.223,.452,,3,0,jacksre01
231,Trayce Jackson-Davis,PF,23,GSW,39,506,.688,2.3,,1.000,.675,.318,.006,.000,.000,,.688,.731,.592,1.000,,,,.774,,,.370,51,,,,,0,0,jackstr02
232,LeBron James,PF,39,LAL,49,1711,.520,12.1,,.700,.335,.209,.074,.082,.300,,.573,.741,.486,.246,.403,.395,,.463,.712,,.068,56,,.095,.400,,1,0,jamesle01
233,Jaime Jaquez Jr.,SF,22,MIA,49,1444,.492,10.4,,.718,.302,.337,.067,.012,.282,,.559,.680,.485,.424,.333,.321,,.518,.978,,.058,24,,.536,.307,,1,0,jaqueja01
234,DaQuan Jeffries,SG,26,NYK,10,30,.417,14.9,,.583,.083,.250,.250,.000,.417,,.571,1.000,.667,.333,,.200,,1.000,1.000,,.000,0,,.600,.333,,0,0,jeffrda01
235,Trey Jemison,C,24,TOT,8,118,.520,4.2,,1.000,.600,.320,.040,.040,.000,,.520,.733,.125,1.000,.000,,,.615,,,.160,3,,,,,0,0,jemistr01
236,Ty Jerome,SG,26,CLE,2,15,.500,10.6,,.750,.250,.250,.250,.000,.250,,.667,.000,1.000,1.000,,.000,,.000,,,.000,0,,.000,,,0,0,jeromty01
237,Isaiah Joe,SG,24,OKC,50,929,.465,21.5,,.261,.089,.041,.070,.061,.739,,.573,.821,.462,.455,.421,.427,,.723,.980,,.035,10,,.211,.490,,1,0,joeis01
238,Cameron Johnson,PF,27,BRK,41,1156,.455,17.1,,.451,.167,.136,.086,.062,.549,,.522,.737,.403,.385,.393,.400,,.589,.960,,.033,13,,.348,.448,,1,0,johnsca02
239,Jalen Johnson,SF,22,ATL,41,1394,.524,10.3,,.718,.369,.261,.065,.022,.282,,.594,.707,.492,.406,.455,.348,,.732,.979,,.171,79,,.326,.289,,1,0,johnsja05
240,James Johnson,PF,36,IND,5,24,.400,12.0,,.800,.200,.400,.200,.000,.200,,.500,1.000,.500,.000,,.000,,.500,,,.200,1,,.000,,,0,0,johnsja01
241,Keldon Johnson,SF,24,SAS,51,1526,.448,12.8,,.605,.272,.274,.037,.021,.395,,.525,.621,.443,.480,.429,.330,,.467,.897,,.048,27,,.299,.316,,1,0,johnske04
242,Keon Johnson,SG,21,BRK,3,47,.375,17.8,,.500,.188,.063,.063,.188,.500,,.250,.333,.000,.000,.333,.500,,1.000,1.000,,.063,1,,.125,1.000,,0,0,johnske07
243,Keyontae Johnson,SF,23,OKC,7,57,.333,7.7,,.833,.333,.417,.083,.000,.167,,.300,.250,.200,1.000,,.500,,.667,1.000,,.083,1,,.500,1.000,,0,0,johnske08
244,Nikola Jokić,C,28,DEN,53,1793,.577,9.8,,.830,.257,.390,.124,.060,.170,,.623,.739,.597,.578,.393,.352,,.559,.750,,.012,10,,.038,.167,,3,0,jokicni01
245,Colby Jones,SG,21,SAC,17,121,.370,11.5,,.717,.196,.326,.196,.000,.283,,.485,.333,.533,.556,,.077,,.563,1.000,,.000,0,,.385,.000,,0,0,jonesco02
246,Damian Jones,C,28,CLE,25,150,.531,9.1,,.781,.500,.156,.031,.094,.219,,.600,.750,.200,1.000,.333,.286,,.867,1.000,,.219,7,,.714,.400,,0,0,jonesda03
247,Derrick Jones Jr.,SF,26,DAL,50,1265,.486,13.5,,.503,.339,.147,.011,.006,.497,,.630,.697,.509,.500,.000,.341,,.746,1.000,,.167,48,,.564,.327,,0,0,jonesde02
248,Herbert Jones,SF,25,NOP,50,1434,.497,13.4,,.551,.327,.162,.018,.043,.449,,.571,.744,.313,.286,.353,.407,,.613,.958,,.081,31,,.554,.418,,0,0,joneshe01
249,Tre Jones,PG,24,SAS,50,1300,.495,11.2,,.699,.330,.249,.110,.010,.301,,.588,.754,.484,.357,.250,.278,,.408,.875,,.003,0,,.365,.262,,1,0,jonestr01
250,Tyus Jones,PG,27,WAS,54,1565,.500,14.4,,.640,.111,.313,.178,.037,.360,,.541,.667,.497,.554,.476,.426,,.423,.793,,.000,0,,.279,.474,,0,0,jonesty01
251,DeAndre Jordan,C,35,DEN,29,327,.632,2.0,,1.000,.816,.171,.013,.000,.000,,.632,.677,.462,.000,,,,.729,,,.421,31,,,,,0,0,jordade01
252,Cory Joseph,PG,32,GSW,26,296,.359,20.4,,.344,.031,.156,.078,.078,.656,,.455,.000,.700,.400,.200,.310,,.600,.923,,.000,0,,.238,.400,,1,0,josepco01
253,Nikola Jović,PF,20,MIA,22,364,.430,15.4,,.486,.206,.224,.047,.009,.514,,.404,.409,.500,.000,.000,.455,,.619,.800,,.000,0,,.164,.556,,0,0,jovicni01
254,Johnny Juzang,SG,22,UTA,2,6,.000,24.2,,.000,.000,.000,.000,.000,1.000,,,,,,,.000,,,,,.000,0,,.667,.000,,0,0,juzanjo01
255,Luke Kennard,SG,27,MEM,27,667,.444,21.8,,.236,.056,.060,.088,.032,.764,,.412,.667,.231,.368,.429,.455,,.762,.947,,.000,0,,.127,.381,,0,0,kennalu01
256,Walker Kessler,C,22,UTA,47,1098,.653,3.5,,.938,.686,.241,.004,.007,.062,,.681,.745,.530,.000,.000,.235,,.737,1.000,,.361,96,,1.000,.235,,0,0,kesslwa01
257,Braxton Key,SF,26,DEN,15,51,.400,9.4,,.733,.467,.200,.000,.067,.267,,.455,.429,.333,,1.000,.250,,1.000,1.000,,.000,0,,.250,.000,,0,0,keybr01
258,Corey Kispert,SF,24,WAS,53,1191,.481,18.0,,.378,.210,.137,.023,.008,.622,,.678,.780,.554,.545,.500,.361,,.713,.944,,.036,13,,.209,.371,,2,0,kispeco01
259,Maxi Kleber,C,32,DAL,19,411,.463,16.9,,.415,.220,.098,.061,.037,.585,,.618,.778,.250,.800,.333,.354,,.905,.941,,.061,5,,.375,.222,,0,0,klebima01
260,Kevin Knox,SF,24,DET,31,560,.462,15.6,,.495,.188,.194,.081,.032,.505,,.598,.686,.583,.600,.167,.330,,.782,.968,,.124,20,,.372,.343,,0,0,knoxke01
261,John Konchar,SF,27,MEM,44,855,.424,14.7,,.437,.329,.101,.006,.000,.563,,.594,.673,.375,.000,,.292,,.683,1.000,,.013,2,,.506,.244,,0,0,konchjo01
262,Furkan Korkmaz,SG,26,PHI,35,300,.395,17.4,,.474,.184,.171,.053,.066,.526,,.444,.643,.462,.000,.200,.350,,.750,.714,,.026,2,,.100,.500,,0,0,korkmfu01
263,Luke Kornet,C,28,BOS,39,581,.689,2.0,,1.000,.765,.227,.008,.000,.000,,.689,.780,.370,1.000,,,,.695,,,.361,34,,,,,0,0,kornelu01
264,Vit Krejci,PG,23,ATL,1,2,,,,,,,,,,,,,,,,,,,,,,0,,,,,0,0,krejcvi01
265,Jonathan Kuminga,PF,21,GSW,51,1306,.531,9.7,,.783,.303,.344,.109,.026,.217,,.590,.762,.513,.387,.467,.317,,.603,.923,,.182,91,,.285,.429,,0,0,kuminjo01
266,Kyle Kuzma,PF,28,WAS,52,1649,.456,14.2,,.635,.199,.253,.120,.064,.365,,.529,.768,.474,.342,.355,.329,,.543,.778,,.046,42,,.211,.440,,1,0,kuzmaky01
267,Jock Landale,C,28,HOU,29,269,.377,9.4,,.739,.420,.246,.058,.014,.261,,.471,.517,.412,.500,.000,.111,,.667,1.000,,.130,7,,.167,.333,,0,0,landajo01
268,Jake LaRavia,PF,22,MEM,11,122,.372,16.4,,.442,.186,.209,.023,.023,.558,,.579,.500,.556,1.000,1.000,.208,,.636,1.000,,.047,2,,.208,.400,,0,0,laravja01
269,Zach LaVine,SG,28,CHI,25,872,.452,15.7,,.551,.237,.136,.053,.125,.449,,.536,.640,.431,.500,.468,.349,,.396,.525,,.040,13,,.183,.452,,0,0,lavinza01
270,A.J. Lawson,SG,23,DAL,27,230,.464,12.9,,.524,.321,.190,.012,.000,.476,,.591,.852,.188,.000,,.325,,.538,1.000,,.131,10,,.650,.308,,0,0,lawsoaj01
271,Saben Lee,PG,24,PHO,13,100,.419,9.0,,.742,.387,.355,.000,.000,.258,,.565,.667,.455,,,.000,,.462,,,.129,2,,.375,.000,,0,0,leesa01
272,Alex Len,C,30,SAC,22,183,.639,5.4,,.917,.528,.333,.028,.028,.083,,.697,.842,.500,.000,1.000,.000,,.609,,,.306,8,,.333,.000,,0,0,lenal01
273,Kawhi Leonard,SF,32,LAC,48,1647,.527,14.1,,.699,.162,.202,.246,.088,.301,,.558,.797,.518,.505,.361,.453,,.453,.661,,.074,55,,.182,.511,,0,0,leonaka01
274,Caris LeVert,SG,29,CLE,43,1180,.424,14.0,,.589,.236,.219,.118,.017,.411,,.486,.635,.376,.397,.444,.336,,.366,.730,,.036,18,,.168,.351,,1,0,leverca01
275,Kira Lewis Jr.,PG,22,TOT,18,151,.302,13.2,,.604,.358,.170,.019,.057,.396,,.438,.579,.222,1.000,.000,.095,,.500,1.000,,.019,1,,.190,.000,,0,0,lewiski01
276,Maxwell Lewis,SF,21,LAL,19,69,.250,9.8,,.750,.333,.250,.083,.083,.250,,.222,.250,.333,.000,.000,.333,,.500,1.000,,.083,0,,.000,,,0,0,lewisma05
277,E.J. Liddell,PF,23,NOP,8,23,.167,22.1,,.167,.167,.000,.000,.000,.833,,1.000,1.000,,,,.000,,1.000,,,.167,1,,.000,,,0,0,liddeej01
278,Damian Lillard,PG,33,MIL,50,1747,.425,17.0,,.514,.200,.149,.076,.089,.486,,.501,.671,.349,.394,.468,.344,,.220,.538,,.013,7,,.069,.241,,5,0,lillada01
279,Nassir Little,SF,23,PHO,32,419,.457,15.9,,.438,.238,.162,.029,.010,.562,,.652,.760,.588,.333,.000,.305,,.800,1.000,,.105,11,,.356,.286,,0,0,littlna01
280,Dereck Lively II,C,19,DAL,37,952,.736,2.6,,.990,.707,.274,.005,.005,.010,,.743,.823,.544,.000,1.000,.000,,.810,,,.534,99,,1.000,.000,,0,0,livelde01
281,Isaiah Livers,PF,25,DET,23,469,.345,19.2,,.336,.155,.086,.017,.078,.664,,.462,.667,.300,.000,.333,.286,,.778,1.000,,.034,4,,.364,.286,,1,0,liveris01
282,Chris Livingston,SF,20,MIL,15,62,.500,4.7,,.929,.571,.357,.000,.000,.071,,.462,.500,.400,,,1.000,,.500,1.000,,.000,0,,1.000,1.000,,0,0,livinch01
283,Kenneth Lofton Jr.,PF,21,TOT,17,108,.349,13.2,,.721,.209,.209,.209,.093,.279,,.387,.667,.444,.222,.000,.250,,.583,1.000,,.070,3,,.083,.000,,0,0,loftoke01
284,Kevon Looney,C,27,GSW,52,947,.612,3.9,,.994,.489,.455,.028,.022,.006,,.616,.678,.568,.400,.500,.000,,.661,,,.129,19,,.000,,,1,0,looneke01
285,Brook Lopez,C,35,MIL,52,1636,.487,16.0,,.492,.261,.126,.080,.025,.508,,.632,.781,.439,.452,.615,.346,,.730,1.000,,.061,31,,.169,.400,,0,0,lopezbr01
286,Robin Lopez,C,35,MIL,16,65,.368,14.2,,.579,.000,.579,.000,.000,.421,,.455,,.455,,,.250,,.800,1.000,,.000,0,,.625,.400,,0,0,lopezro01
287,Kevin Love,PF,35,MIA,44,776,.440,19.8,,.299,.134,.116,.014,.035,.701,,.659,.842,.545,.750,.300,.347,,.589,.986,,.000,0,,.126,.240,,0,0,loveke01
288,Kyle Lowry,PG,37,MIA,37,1037,.426,19.6,,.335,.116,.124,.062,.033,.665,,.506,.607,.500,.200,.750,.385,,.488,.823,,.000,0,,.224,.472,,2,0,lowryky01
289,Seth Lundy,SF,23,ATL,9,52,.235,21.1,,.235,.059,.118,.000,.059,.765,,.250,.000,.000,,1.000,.231,,1.000,1.000,,.000,0,,.308,.250,,0,0,lundyse01
290,Trey Lyles,PF,28,SAC,39,782,.463,19.7,,.269,.181,.056,.014,.019,.731,,.621,.769,.333,.667,.000,.405,,.722,1.000,,.023,4,,.392,.435,,2,0,lylestr01
291,Théo Maledon,PG,22,TOT,15,211,.290,15.2,,.565,.203,.232,.087,.043,.435,,.385,.571,.313,.333,.000,.167,,.600,1.000,,.000,0,,.233,.286,,2,0,maledth01
292,Sandro Mamukelashvili,C,24,SAS,30,196,.409,15.4,,.485,.273,.167,.045,.000,.515,,.594,.556,.636,.667,,.235,,.579,1.000,,.091,4,,.265,.222,,1,0,mamuksa01
293,Terance Mann,SG,27,LAC,47,1172,.460,14.1,,.543,.278,.165,.082,.017,.457,,.595,.827,.333,.417,.200,.301,,.649,.950,,.096,24,,.526,.300,,1,0,mannte01
294,Tre Mann,PG,22,TOT,16,210,.480,14.9,,.573,.253,.160,.093,.067,.427,,.512,.684,.333,.286,.600,.438,,.318,.786,,.027,2,,.156,.600,,0,0,manntr01
295,Boban Marjanović,C,35,HOU,9,48,.476,7.6,,.905,.286,.476,.095,.048,.095,,.526,.833,.400,.500,.000,.000,,.600,,,.190,4,,.000,,,0,0,marjabo01
296,Lauri Markkanen,PF,26,UTA,45,1473,.499,15.8,,.501,.176,.231,.064,.031,.499,,.593,.780,.512,.435,.455,.404,,.748,.979,,.094,63,,.192,.420,,1,0,markkla01
297,Naji Marshall,SF,26,NOP,44,815,.460,13.7,,.611,.226,.274,.083,.028,.389,,.513,.667,.420,.476,.286,.378,,.570,.946,,.036,8,,.541,.434,,5,1,marshna01
298,Caleb Martin,SF,28,MIA,38,1009,.451,13.7,,.632,.236,.233,.077,.086,.368,,.510,.597,.487,.320,.500,.350,,.581,.881,,.046,13,,.350,.357,,2,0,martica02
299,Cody Martin,SF,28,CHO,22,579,.391,14.5,,.615,.237,.154,.101,.124,.385,,.423,.625,.385,.412,.095,.338,,.364,.727,,.041,5,,.385,.360,,0,0,martico01
300,KJ Martin,SF,23,TOT,40,446,.546,6.4,,.815,.602,.213,.000,.000,.185,,.614,.692,.391,,,.250,,.833,1.000,,.250,23,,.700,.357,,0,0,martike04
301,Garrison Mathews,SG,27,ATL,39,491,.455,24.0,,.081,.030,.010,.020,.020,.919,,.625,.667,.000,.500,1.000,.440,,.800,.975,,.000,0,,.308,.393,,0,0,mathega01
302,Bennedict Mathurin,SF,21,IND,52,1325,.450,12.1,,.692,.285,.253,.095,.060,.308,,.487,.586,.410,.444,.412,.366,,.599,.734,,.030,15,,.114,.450,,0,0,mathube01
303,Wesley Matthews,SG,37,ATL,21,232,.283,21.4,,.217,.109,.022,.065,.022,.783,,.400,.600,.000,.333,.000,.250,,1.000,1.000,,.000,0,,.417,.400,,0,0,matthwe02
304,Tyrese Maxey,PG,23,PHI,49,1824,.449,14.5,,.596,.231,.233,.091,.041,.404,,.497,.671,.388,.382,.400,.378,,.356,.631,,.006,6,,.063,.640,,1,0,maxeyty01
305,Skylar Mays,PG-SG,26,TOT,29,412,.390,13.6,,.649,.208,.247,.149,.045,.351,,.440,.406,.447,.391,.714,.296,,.273,.875,,.032,3,,.148,.250,,0,0,mayssk01
306,Miles McBride,PG,23,NYK,42,522,.433,17.5,,.433,.163,.077,.120,.072,.567,,.467,.676,.500,.360,.133,.407,,.310,.833,,.029,5,,.356,.476,,0,0,mcbrimi01
307,CJ McCollum,PG,32,NOP,41,1315,.461,17.9,,.458,.097,.186,.115,.061,.542,,.509,.593,.496,.486,.459,.421,,.394,.755,,.002,1,,.106,.457,,0,0,mccolcj01
308,T.J. McConnell,PG,31,IND,45,780,.536,8.3,,.938,.250,.406,.266,.016,.062,,.561,.714,.560,.427,.400,.158,,.278,1.000,,.000,0,,.211,.250,,1,0,mccontj01
309,Jaden McDaniels,SF,23,MIN,44,1263,.504,13.5,,.604,.235,.219,.113,.037,.396,,.598,.753,.506,.558,.286,.360,,.555,.981,,.082,24,,.607,.407,,2,0,mcdanja02
310,Jalen McDaniels,SF,26,TOR,33,295,.333,15.4,,.495,.152,.286,.038,.019,.505,,.462,.625,.433,.250,.000,.208,,.792,.909,,.038,4,,.302,.375,,0,0,mcdanja01
311,Doug McDermott,SF,32,TOT,49,738,.431,21.8,,.194,.112,.030,.022,.030,.806,,.467,.577,.143,.400,.429,.422,,.905,.975,,.022,5,,.219,.415,,0,0,mcderdo01
312,JaVale McGee,C,36,SAC,39,310,.629,4.5,,.966,.500,.422,.034,.009,.034,,.652,.793,.551,.000,.000,.000,,.795,,,.310,33,,.000,,,0,0,mcgeeja01
313,Bryce McGowens,SG,21,CHO,43,704,.459,14.3,,.536,.271,.204,.022,.039,.464,,.546,.633,.486,.500,.286,.357,,.434,.967,,.033,6,,.381,.469,,0,0,mcgowbr01
314,Jordan McLaughlin,PG,27,MIN,32,286,.400,15.9,,.440,.227,.160,.040,.013,.560,,.394,.471,.333,.000,1.000,.405,,.769,.941,,.000,0,,.548,.348,,1,1,mclaujo01
315,De'Anthony Melton,SG,25,PHI,33,959,.393,17.4,,.412,.189,.149,.034,.040,.588,,.437,.548,.367,.273,.308,.363,,.458,.800,,.030,10,,.181,.343,,0,0,meltode01
316,Nathan Mensah,C,25,CHO,25,307,.429,4.0,,1.000,.393,.607,.000,.000,.000,,.429,.545,.353,,,,,.667,,,.107,3,,,,,0,0,mensana01
317,Sam Merrill,SG,27,CLE,37,577,.439,22.8,,.136,.070,.048,.013,.004,.864,,.419,.500,.455,.000,.000,.442,,.769,.954,,.000,0,,.193,.526,,0,0,merrisa01
318,Chimezie Metu,C,26,PHO,37,447,.508,12.2,,.608,.385,.162,.038,.023,.392,,.646,.820,.333,.400,.333,.294,,.824,1.000,,.192,23,,.294,.467,,0,0,metuch01
319,Vasilije Micić,PG,30,TOT,33,428,.431,14.8,,.552,.276,.155,.052,.069,.448,,.563,.813,.222,.500,.375,.269,,.500,.786,,.009,1,,.135,.143,,0,0,micicva01
320,Khris Middleton,SF,32,MIL,43,1129,.487,16.6,,.612,.111,.149,.187,.165,.388,,.556,.673,.500,.516,.573,.378,,.361,.740,,.006,2,,.202,.385,,0,0,middlkh01
321,Brandon Miller,SF,21,CHO,48,1508,.444,16.2,,.567,.152,.187,.163,.064,.433,,.488,.637,.400,.450,.488,.386,,.486,.938,,.040,25,,.190,.400,,4,0,millebr02
322,Jordan Miller,SF,24,LAC,5,21,.667,9.5,,.833,.500,.000,.167,.167,.167,,.600,1.000,,.000,.000,1.000,,.000,1.000,,.333,2,,1.000,1.000,,0,0,millejo02
323,Leonard Miller,SF,20,MIN,6,21,.700,10.6,,.700,.600,.000,.000,.100,.300,,.857,.833,,,1.000,.333,,.833,1.000,,.000,0,,.000,,,0,0,millele01
324,Dariq Whitehead,SF,19,BRK,2,24,.200,17.6,,.400,.000,.400,.000,.000,.600,,.500,,.500,,,.000,,1.000,,,.000,0,,.333,.000,,0,0,whiteda01
325,Patty Mills,PG,35,ATL,19,202,.373,20.4,,.333,.039,.118,.078,.098,.667,,.353,.500,.167,.500,.400,.382,,.667,1.000,,.000,0,,.412,.500,,0,0,millspa02
326,Shake Milton,SG,27,TOT,41,544,.402,13.2,,.668,.207,.228,.212,.022,.332,,.463,.658,.310,.410,.750,.279,,.614,.941,,.000,0,,.393,.417,,1,0,miltosh01
327,Justin Minaya,SF,24,POR,16,140,.273,17.2,,.364,.318,.000,.045,.000,.636,,.375,.429,,.000,,.214,,.333,.667,,.045,1,,.071,.000,,0,0,minayju01
328,Josh Minott,SF,21,MIN,18,56,.476,9.2,,.714,.381,.333,.000,.000,.286,,.600,.875,.286,,,.167,,.556,1.000,,.048,1,,.333,.000,,0,0,minotjo01
329,Davion Mitchell,PG,25,SAC,44,579,.403,15.7,,.491,.170,.214,.069,.038,.509,,.500,.667,.382,.364,.667,.309,,.436,.960,,.000,0,,.259,.429,,0,0,mitchda01
330,Donovan Mitchell,SG,27,CLE,44,1560,.473,16.1,,.562,.227,.131,.103,.101,.438,,.560,.712,.442,.442,.495,.361,,.249,.524,,.022,17,,.045,.333,,1,0,mitchdo01
331,Evan Mobley,PF,22,CLE,30,937,.587,5.9,,.929,.510,.304,.083,.032,.071,,.600,.775,.398,.429,.182,.417,,.741,1.000,,.251,83,,.458,.273,,0,0,mobleev01
332,Isaiah Mobley,PF,24,CLE,3,14,.500,14.7,,.500,.250,.250,.000,.000,.500,,.500,1.000,.000,,,.500,,.000,1.000,,.000,0,,.500,.000,,0,0,mobleis01
333,Malik Monk,SG,25,SAC,53,1370,.449,16.4,,.492,.191,.173,.083,.045,.508,,.524,.622,.435,.462,.571,.375,,.478,.807,,.042,24,,.139,.455,,0,0,monkma01
334,Moses Moody,SG,21,GSW,39,676,.466,15.4,,.522,.165,.253,.064,.040,.478,,.577,.707,.540,.500,.400,.345,,.573,.878,,.040,7,,.286,.235,,0,0,moodymo01
335,Xavier Moon,SG,29,LAC,2,12,.500,15.2,,.500,.000,.500,.000,.000,.500,,1.000,,1.000,,,.000,,.000,,,.000,0,,.000,,,0,0,moonxa01
336,Taze Moore,SG,25,POR,3,10,.600,11.1,,.600,.600,.000,.000,.000,.400,,1.000,1.000,,,,.000,,.000,,,.200,1,,.500,.000,,0,0,mooreta02
337,Wendell Moore Jr.,SG,22,MIN,14,44,.500,13.1,,.600,.300,.100,.200,.000,.400,,.833,1.000,1.000,.500,,.000,,.400,,,.100,1,,.500,.000,,0,0,moorewe01
338,Ja Morant,PG,24,MEM,9,318,.471,11.9,,.700,.288,.288,.088,.035,.300,,.555,.714,.490,.267,.500,.275,,.288,.500,,.047,6,,.098,.200,,0,0,moranja01
339,Marcus Morris,PF,34,PHI,37,637,.439,17.8,,.561,.093,.122,.161,.185,.439,,.470,.684,.320,.545,.395,.400,,.444,.972,,.010,2,,.267,.375,,0,0,morrima03
340,Markieff Morris,PF,34,DAL,17,156,.327,19.8,,.388,.061,.102,.122,.102,.612,,.316,.333,.400,.333,.200,.333,,.667,1.000,,.000,0,,.333,.500,,0,0,morrima02
341,Monte Morris,PG,28,TOT,8,98,.341,18.3,,.610,.122,.146,.195,.146,.390,,.440,.400,.500,.500,.333,.188,,.273,.333,,.000,0,,.250,.000,,2,0,morrimo01
342,Trey Murphy III,SF,23,NOP,30,773,.435,20.2,,.293,.143,.095,.037,.017,.707,,.616,.857,.393,.364,.400,.361,,.736,.907,,.058,16,,.216,.378,,1,0,murphtr02
343,Dejounte Murray,SG,27,ATL,52,1820,.463,14.3,,.644,.190,.197,.178,.080,.356,,.518,.569,.497,.479,.534,.364,,.301,.714,,.011,8,,.254,.386,,1,0,murrade01
344,Jamal Murray,PG,26,DEN,40,1258,.468,15.7,,.641,.152,.164,.166,.160,.359,,.500,.640,.472,.431,.467,.411,,.346,.567,,.015,10,,.097,.261,,2,0,murraja01
345,Keegan Murray,SF,23,SAC,50,1625,.459,16.8,,.493,.150,.161,.111,.072,.507,,.571,.728,.596,.471,.341,.350,,.751,.963,,.083,46,,.254,.291,,0,0,murrake02
346,Kris Murray,SF,23,POR,33,434,.407,13.5,,.504,.372,.097,.035,.000,.496,,.491,.548,.273,.500,,.321,,.500,1.000,,.071,7,,.464,.346,,0,0,murrakr01
347,Mike Muscala,C,32,TOT,37,509,.358,18.8,,.366,.142,.104,.067,.052,.634,,.429,.579,.286,.333,.429,.318,,.667,1.000,,.022,2,,.247,.429,,0,0,muscami01
348,Svi Mykhailiuk,SF,26,BOS,23,181,.338,21.8,,.200,.123,.015,.046,.015,.800,,.462,.625,.000,.333,.000,.308,,.667,.938,,.046,1,,.212,.364,,0,0,mykhasv01
349,Larry Nance Jr.,C,31,NOP,37,686,.569,11.2,,.679,.380,.234,.058,.007,.321,,.624,.712,.531,.375,1.000,.455,,.828,.950,,.204,23,,.455,.500,,3,0,nancela02
350,Pete Nance,PF,23,CLE,2,4,.000,6.4,,1.000,.500,.000,.500,.000,.000,,.000,.000,,.000,,,,,,,.000,0,,,,,0,0,nancepe01
351,Andrew Nembhard,PG,24,IND,42,960,.492,13.5,,.712,.183,.235,.201,.093,.288,,.552,.695,.474,.554,.467,.344,,.378,.906,,.003,1,,.215,.500,,0,0,nembhan01
352,Aaron Nesmith,SF,24,IND,51,1381,.519,15.0,,.472,.269,.150,.044,.009,.528,,.593,.689,.456,.450,.750,.452,,.677,.981,,.057,24,,.439,.495,,0,0,nesmiaa01
353,Georges Niang,PF,30,CLE,53,1152,.432,17.8,,.378,.120,.199,.052,.007,.622,,.565,.694,.481,.619,.333,.352,,.678,.978,,.000,0,,.332,.286,,0,0,niangge01
354,Daishen Nix,PG,21,MIN,9,30,.375,18.8,,.313,.125,.188,.000,.000,.688,,.400,1.000,.000,,,.364,,.500,.500,,.063,1,,.182,.000,,0,0,nixda01
355,Zeke Nnaji,PF,23,DEN,40,383,.439,6.3,,.832,.579,.215,.028,.009,.168,,.472,.548,.348,.000,.000,.278,,.571,1.000,,.140,13,,.389,.286,,0,0,nnajize01
356,Jaylen Nowell,SG,24,MEM,9,156,.400,17.3,,.582,.036,.255,.164,.127,.418,,.563,.500,.429,.667,.714,.174,,.444,1.000,,.000,0,,.174,.250,,1,0,nowelja01
357,Markquis Nowell,SG,24,TOR,1,4,.000,9.5,,1.000,.000,1.000,.000,.000,.000,,.000,,.000,,,,,,,,.000,0,,,,,0,0,nowelma01
358,Frank Ntilikina,PG,25,CHO,5,43,.111,24.2,,.111,.000,.000,.000,.111,.889,,.000,,,,.000,.125,,,1.000,,.000,0,,.375,.000,,0,0,ntilila01
359,Jusuf Nurkić,C,29,PHO,52,1416,.519,7.5,,.816,.470,.300,.031,.015,.184,,.579,.647,.489,.571,.286,.250,,.634,1.000,,.096,37,,.095,.125,,0,0,nurkiju01
360,Jordan Nwora,SF,25,TOT,28,307,.441,14.5,,.543,.307,.157,.039,.039,.457,,.522,.615,.450,.400,.200,.345,,.639,.850,,.063,7,,.241,.429,,1,0,nworajo01
361,Royce O'Neale,SF,30,TOT,52,1267,.390,22.6,,.185,.097,.065,.021,.003,.815,,.476,.545,.364,.571,.000,.371,,.700,.922,,.012,3,,.158,.455,,6,0,onealro01
362,Chuma Okeke,SF,25,ORL,33,381,.384,20.1,,.273,.111,.111,.020,.030,.727,,.556,.909,.364,.000,.333,.319,,.800,.957,,.051,4,,.319,.391,,1,0,okekech01
363,Josh Okogie,SG,25,PHO,49,862,.415,12.6,,.546,.350,.164,.027,.005,.454,,.520,.578,.400,.600,.000,.289,,.615,1.000,,.071,12,,.663,.309,,0,0,okogijo01
364,Onyeka Okongwu,C,23,ATL,53,1367,.610,6.7,,.815,.564,.234,.011,.006,.185,,.671,.737,.524,.250,1.000,.338,,.776,1.000,,.248,77,,.754,.429,,1,0,okongon01
365,Isaac Okoro,SF,23,CLE,44,1153,.493,11.4,,.594,.427,.153,.010,.003,.406,,.561,.610,.455,.000,1.000,.393,,.781,1.000,,.049,12,,.650,.421,,0,0,okorois01
366,Kelly Olynyk,C,32,TOT,53,1069,.556,11.9,,.674,.305,.258,.057,.054,.326,,.622,.753,.583,.313,.400,.418,,.479,.974,,.014,4,,.209,.421,,0,0,olynyke01
367,Eugene Omoruyi,SF,26,WAS,24,170,.506,9.8,,.728,.432,.259,.012,.025,.272,,.593,.714,.429,.000,.500,.273,,.600,1.000,,.074,6,,.136,.000,,0,0,omorueu01
368,Cedi Osman,SF,28,SAS,55,989,.474,16.7,,.428,.219,.154,.039,.016,.572,,.603,.776,.468,.167,.600,.377,,.709,.970,,.003,1,,.234,.415,,0,0,osmande01
369,Kelly Oubre Jr.,SF,28,PHI,42,1218,.461,12.8,,.600,.323,.208,.052,.017,.400,,.556,.714,.354,.440,.375,.319,,.560,.852,,.122,49,,.298,.351,,0,0,oubreke01
370,Chris Paul,PG,38,GSW,32,882,.424,19.6,,.514,.016,.098,.212,.188,.486,,.484,1.000,.542,.519,.370,.361,,.230,.698,,.000,0,,.160,.316,,2,0,paulch01
371,Cameron Payne,PG,29,TOT,51,805,.441,18.4,,.426,.122,.156,.106,.042,.574,,.527,.531,.512,.536,.545,.377,,.390,.842,,.000,0,,.159,.292,,1,0,payneca01
372,Gary Payton II,SG,31,GSW,19,305,.511,11.2,,.611,.344,.267,.000,.000,.389,,.636,.710,.542,,,.314,,.829,1.000,,.111,8,,.657,.261,,0,0,paytoga02
373,Drew Peterson,PF,24,BOS,1,3,1.000,26.3,,.000,.000,.000,.000,.000,1.000,,,,,,,1.000,,,1.000,,.000,0,,.000,,,0,0,peterdr01
374,Filip Petrušev,C,23,TOT,3,10,.500,12.4,,1.000,.000,.000,1.000,.000,.000,,.500,,,.500,,,,1.000,,,.000,0,,,,,0,0,petrufi01
375,Julian Phillips,SF,20,CHI,30,198,.400,14.3,,.489,.333,.111,.022,.022,.511,,.591,.533,.800,1.000,.000,.217,,.769,1.000,,.111,4,,.435,.400,,0,0,phillju01
376,Jalen Pickett,SG,24,DEN,16,97,.429,22.4,,.286,.036,.071,.071,.107,.714,,.625,1.000,.500,.500,.667,.350,,.400,.714,,.000,0,,.000,,,1,0,pickeja02
377,Scotty Pippen Jr.,PG,23,MEM,8,181,.475,13.5,,.610,.271,.203,.102,.034,.390,,.417,.438,.417,.333,.500,.565,,.333,.846,,.000,0,,.087,1.000,,0,0,pippesc02
378,Mason Plumlee,C,33,LAC,23,405,.655,2.7,,1.000,.595,.405,.000,.000,.000,,.655,.760,.500,,,,,.764,,,.321,25,,,,,0,0,plumlma01
379,Brandin Podziemski,SG,20,GSW,46,1209,.465,13.5,,.615,.207,.323,.057,.028,.385,,.517,.725,.464,.182,.273,.383,,.512,.737,,.005,2,,.201,.467,,1,0,podzibr01
380,Jakob Poeltl,C,28,TOR,44,1177,.675,3.8,,1.000,.553,.353,.094,.000,.000,,.675,.814,.504,.500,,,,.819,,,.081,24,,,,,0,0,poeltja01
381,Aleksej Pokusevski,PF,22,OKC,10,60,.250,19.3,,.313,.063,.188,.000,.063,.688,,.400,1.000,.333,,.000,.182,,.500,1.000,,.000,0,,.455,.000,,0,0,pokusal01
382,Jordan Poole,SG,24,WAS,52,1520,.400,16.5,,.544,.170,.181,.129,.064,.456,,.481,.718,.386,.340,.404,.303,,.508,.673,,.011,8,,.126,.333,,1,0,poolejo01
383,Craig Porter Jr.,PG,23,CLE,32,469,.509,9.7,,.873,.327,.248,.212,.085,.127,,.535,.648,.488,.429,.500,.333,,.351,.857,,.024,3,,.190,.250,,1,0,portecr01
384,Jontay Porter,PF,24,TOR,17,221,.371,15.4,,.471,.286,.100,.071,.014,.529,,.424,.500,.429,.000,1.000,.324,,.714,1.000,,.057,2,,.108,.500,,0,0,portejo01
385,Michael Porter Jr.,SF,25,DEN,54,1709,.470,17.9,,.473,.162,.102,.075,.134,.527,,.556,.746,.403,.453,.500,.394,,.751,.952,,.045,27,,.197,.466,,1,0,portemi01
386,Otto Porter Jr.,SF,30,TOR,15,174,.424,18.9,,.303,.182,.030,.091,.000,.697,,.600,.500,1.000,.667,,.348,,1.000,.875,,.030,0,,.391,.444,,0,0,porteot01
387,Bobby Portis,PF,28,MIL,55,1318,.492,12.9,,.704,.210,.238,.173,.083,.296,,.539,.765,.467,.459,.340,.381,,.488,1.000,,.021,10,,.476,.413,,0,0,portibo01
388,Kristaps Porziņģis,C,28,BOS,40,1181,.531,14.6,,.607,.250,.186,.113,.059,.393,,.637,.805,.568,.517,.367,.368,,.712,.986,,.143,66,,.025,.000,,1,0,porzikr01
389,Micah Potter,PF,25,UTA,2,7,.000,25.8,,.000,.000,.000,.000,.000,1.000,,,,,,,.000,,,,,.000,0,,.000,,,0,0,pottemi01
390,Dwight Powell,C,32,DAL,47,726,.705,2.2,,.979,.832,.147,.000,.000,.021,,.710,.772,.357,,,.500,,.652,1.000,,.242,18,,1.000,.500,,0,0,poweldw01
391,Norman Powell,SG,30,LAC,53,1336,.495,16.1,,.517,.132,.237,.091,.057,.483,,.534,.701,.525,.413,.379,.453,,.671,.919,,.022,9,,.327,.563,,1,0,powelno01
392,Jason Preston,PG,24,UTA,1,1,,,,,,,,,,,,,,,,,,,,,,0,,,,,0,0,prestja01
393,Joshua Primo,SG,21,LAC,1,5,.500,13.8,,.500,.500,.000,.000,.000,.500,,1.000,1.000,,,,.000,,1.000,,,.000,0,,.000,,,0,0,primojo01
394,Taurean Prince,PF,29,LAL,53,1594,.439,18.1,,.355,.134,.146,.053,.022,.645,,.527,.679,.443,.455,.333,.390,,.872,.933,,.014,5,,.435,.368,,2,0,princta02
395,Payton Pritchard,PG,26,BOS,55,1138,.435,20.4,,.324,.103,.103,.059,.059,.676,,.550,.684,.500,.545,.409,.380,,.394,.842,,.000,0,,.236,.390,,3,1,pritcpa01
396,Olivier-Maxence Prosper,PF,21,DAL,30,255,.352,12.8,,.535,.380,.127,.028,.000,.465,,.447,.556,.222,.000,,.242,,.647,1.000,,.085,6,,.485,.188,,0,0,prospol01
397,Trevelin Queen,SG,26,ORL,13,163,.368,14.0,,.553,.237,.211,.053,.053,.447,,.524,.778,.375,.000,.500,.176,,.727,.667,,.132,5,,.353,.167,,0,0,queentr01
398,Neemias Queta,C,24,BOS,23,283,.613,3.1,,1.000,.588,.350,.063,.000,.000,,.613,.745,.429,.400,,,,.694,,,.263,20,,,,,0,0,quetane01
399,Immanuel Quickley,SG-PG,24,TOT,50,1361,.430,16.8,,.524,.099,.225,.143,.057,.476,,.458,.617,.401,.483,.343,.400,,.418,.741,,.003,2,,.221,.281,,0,0,quickim01
400,Lester Quinones,SG,23,GSW,18,228,.387,18.8,,.387,.133,.133,.120,.000,.613,,.379,.500,.300,.333,,.391,,.273,.944,,.013,1,,.196,.556,,1,1,quinole01
401,Julius Randle,PF,29,NYK,46,1630,.472,11.7,,.708,.266,.291,.115,.037,.292,,.539,.689,.469,.406,.419,.311,,.423,.868,,.032,24,,.148,.528,,0,0,randlju01
402,Duop Reath,C,27,POR,39,679,.483,14.7,,.483,.303,.169,.011,.000,.517,,.581,.679,.378,1.000,,.391,,.613,1.000,,.052,12,,.196,.519,,0,0,reathdu01
403,Austin Reaves,SG,25,LAL,56,1742,.490,16.0,,.574,.184,.174,.133,.083,.426,,.582,.791,.514,.506,.385,.365,,.392,.680,,.011,7,,.113,.333,,1,0,reaveau01
404,Cam Reddish,SF,24,LAL,35,815,.405,13.8,,.537,.283,.185,.034,.034,.463,,.464,.621,.342,.143,.143,.337,,.706,1.000,,.054,9,,.526,.380,,0,0,reddica01
405,Paul Reed,C,24,PHI,54,954,.545,7.3,,.885,.423,.308,.105,.049,.115,,.573,.711,.420,.500,.500,.333,,.607,.909,,.108,29,,.303,.300,,0,0,reedpa01
406,Naz Reid,C,24,MIN,54,1215,.489,14.4,,.515,.240,.246,.027,.002,.485,,.561,.740,.405,.429,.000,.414,,.628,1.000,,.060,30,,.337,.440,,2,0,reidna01
407,Jared Rhoden,SG,24,DET,6,42,.545,13.7,,.636,.182,.182,.273,.000,.364,,.714,.500,1.000,.667,,.250,,1.000,1.000,,.273,2,,.250,1.000,,0,0,rhodeja01
408,Nick Richards,C,26,CHO,45,1164,.692,3.1,,1.000,.684,.247,.053,.016,.000,,.692,.763,.607,.308,.250,,,.637,,,.344,74,,,,,0,0,richani01
409,Josh Richardson,SG,30,MIA,43,1103,.444,17.9,,.452,.118,.159,.101,.075,.548,,.561,.683,.582,.457,.462,.347,,.511,.970,,.023,7,,.226,.395,,1,0,richajo01
410,Duncan Robinson,SF,29,MIA,50,1371,.459,19.1,,.324,.137,.149,.030,.008,.676,,.558,.667,.493,.533,.000,.412,,.736,.907,,.004,2,,.229,.449,,2,0,robindu01
411,Jerome Robinson,SG,26,GSW,9,30,.000,16.0,,.444,.111,.333,.000,.000,.556,,.000,.000,.000,,,.000,,,,,.000,0,,.400,.000,,0,0,robinje01
412,Mitchell Robinson,C,25,NYK,21,613,.592,1.1,,1.000,.918,.082,.000,.000,.000,,.592,.622,.250,,,,,.483,,,.439,37,,,,,0,0,robinmi01
413,Orlando Robinson,C,23,MIA,24,239,.516,9.2,,.790,.371,.339,.048,.032,.210,,.510,.652,.476,.000,.000,.538,,.680,1.000,,.113,5,,.154,1.000,,0,0,robinor01
414,Jeremiah Robinson-Earl,PF,23,NOP,21,210,.517,12.4,,.621,.362,.172,.052,.034,.379,,.611,.619,.600,1.000,.000,.364,,.773,1.000,,.121,6,,.364,.500,,0,0,robinje02
415,David Roddy,PF,22,TOT,49,1124,.404,12.8,,.594,.288,.247,.046,.013,.406,,.472,.625,.354,.278,.000,.304,,.596,.979,,.044,12,,.310,.388,,1,0,roddyda01
416,Ryan Rollins,PG,21,WAS,10,66,.520,8.4,,.880,.320,.360,.200,.000,.120,,.500,.750,.333,.400,,.667,,.091,.500,,.000,0,,.000,,,0,0,rolliry01
417,Derrick Rose,PG,35,MEM,21,364,.455,11.9,,.740,.266,.266,.130,.078,.260,,.482,.659,.293,.350,.750,.375,,.418,.867,,.000,0,,.350,.500,,0,0,rosede01
418,Terry Rozier,SG-PG,29,TOT,40,1364,.440,15.1,,.588,.176,.211,.118,.083,.412,,.513,.571,.524,.438,.464,.337,,.319,.670,,.001,1,,.287,.313,,2,0,roziete01
419,Rayan Rupert,SG,19,POR,16,119,.349,13.6,,.605,.209,.233,.163,.000,.395,,.308,.556,.200,.143,,.412,,.500,1.000,,.000,0,,.353,.667,,0,0,ruperra01
420,D'Angelo Russell,PG,27,LAL,51,1592,.465,16.7,,.535,.127,.205,.124,.078,.465,,.507,.787,.396,.483,.382,.417,,.363,.750,,.001,1,,.129,.476,,4,0,russeda01
421,Matt Ryan,SF,26,NOP,14,303,.447,22.5,,.200,.024,.047,.071,.059,.800,,.353,.500,.500,.333,.200,.471,,1.000,.906,,.000,0,,.279,.526,,0,0,ryanma01
422,Domantas Sabonis,C,27,SAC,54,1928,.622,6.0,,.914,.484,.337,.069,.023,.086,,.640,.728,.563,.490,.375,.426,,.588,.962,,.108,68,,.066,.250,,0,0,sabondo01
423,Luka Šamanić,PF,24,UTA,26,147,.377,11.9,,.607,.328,.262,.016,.000,.393,,.459,.700,.125,1.000,,.250,,.824,1.000,,.066,4,,.417,.400,,0,0,samanlu01
424,Jermaine Samuels,SF,25,HOU,11,53,.727,6.0,,.818,.636,.182,.000,.000,.182,,.889,.857,1.000,,,.000,,.625,,,.091,1,,1.000,.000,,0,0,samueje01
425,Adama Sanogo,PF,21,CHI,3,11,1.000,1.9,,1.000,.667,.333,.000,.000,.000,,1.000,1.000,1.000,,,,,.333,,,.000,0,,,,,0,0,sanogad01
426,Gui Santos,PF,21,GSW,12,109,.469,11.9,,.594,.375,.219,.000,.000,.406,,.579,.667,.429,,,.308,,.636,.750,,.031,1,,.385,.600,,0,0,santogu01
427,Dario Šarić,C,29,GSW,50,966,.474,16.2,,.491,.153,.257,.043,.038,.509,,.547,.792,.472,.333,.308,.403,,.624,1.000,,.003,1,,.102,.278,,0,0,saricda01
428,Olivier Sarr,C,24,OKC,12,89,.556,9.3,,.667,.556,.111,.000,.000,.333,,.667,.800,.000,,,.333,,.875,1.000,,.278,5,,.500,.667,,0,0,sarrol01
429,Marcus Sasser,PG,23,DET,49,803,.467,17.3,,.549,.092,.184,.148,.125,.451,,.509,.679,.429,.600,.395,.416,,.365,.667,,.003,1,,.131,.444,,0,0,sassema01
430,Admiral Schofield,PF,26,ORL,13,49,.375,19.2,,.375,.188,.063,.000,.125,.625,,.500,.667,.000,,.500,.300,,.333,1.000,,.188,1,,.200,.500,,0,0,schofad01
431,Dennis Schröder,PG,30,TOT,54,1635,.437,15.4,,.605,.183,.163,.159,.100,.395,,.493,.602,.406,.479,.458,.352,,.392,.902,,.000,0,,.206,.375,,4,0,schrode01
432,Dereon Seabron,SG,23,NOP,5,52,.308,7.9,,.846,.385,.231,.231,.000,.154,,.273,.400,.000,.333,,.500,,.000,1.000,,.000,0,,.500,.000,,0,0,seabrde01
433,Alperen Şengün,C,21,HOU,53,1723,.541,8.1,,.880,.325,.404,.110,.041,.120,,.574,.698,.514,.495,.412,.293,,.626,1.000,,.082,58,,.020,.000,,2,0,sengual01
434,Brice Sensabaugh,SF,20,UTA,6,16,.300,16.8,,.600,.000,.300,.200,.100,.400,,.333,,.667,.000,.000,.250,,.000,1.000,,.000,0,,.000,,,0,0,sensabr01
435,Collin Sexton,SG,25,UTA,55,1344,.485,12.1,,.677,.230,.326,.081,.041,.323,,.530,.758,.410,.382,.500,.391,,.449,.826,,.028,17,,.236,.442,,1,0,sextoco01
436,Landry Shamet,SG,26,WAS,37,559,.441,17.4,,.445,.167,.145,.075,.057,.555,,.545,.684,.424,.529,.462,.357,,.764,.911,,.048,7,,.278,.457,,0,0,shamela01
437,Day'Ron Sharpe,C,22,BRK,39,614,.581,3.5,,.960,.641,.303,.010,.005,.040,,.595,.701,.400,.000,.000,.250,,.673,1.000,,.197,36,,.250,.500,,0,0,sharpda01
438,Shaedon Sharpe,SG,20,POR,32,1059,.406,14.9,,.585,.235,.168,.099,.083,.415,,.457,.569,.370,.372,.417,.333,,.466,.717,,.071,26,,.156,.393,,3,0,sharpsh01
439,Ben Sheppard,SG,22,IND,33,357,.374,18.2,,.333,.182,.071,.071,.010,.667,,.545,.667,.286,.429,1.000,.288,,.444,1.000,,.010,1,,.394,.308,,0,0,sheppbe01
440,Pascal Siakam,PF,29,TOT,54,1853,.535,10.5,,.776,.294,.294,.132,.056,.224,,.591,.745,.514,.504,.396,.340,,.505,.969,,.029,23,,.277,.509,,0,0,siakapa01
441,Ben Simmons,PG,27,BRK,12,308,.594,3.4,,1.000,.609,.344,.047,.000,.000,,.594,.795,.273,.333,,,,.605,,,.156,10,,,,,0,0,simmobe01
442,Anfernee Simons,SG,24,POR,30,1006,.437,17.0,,.519,.160,.165,.098,.096,.481,,.483,.670,.363,.500,.358,.389,,.181,.592,,.016,8,,.075,.300,,0,0,simonan01
443,Jericho Sims,C,25,NYK,28,309,.714,2.1,,1.000,.829,.143,.029,.000,.000,,.714,.828,.200,.000,,,,.640,,,.600,16,,,,,0,0,simsje01
444,Dmytro Skapintsev,C,25,NYK,2,2,.000,4.2,,1.000,.000,1.000,.000,.000,.000,,.000,,.000,,,,,,,,.000,0,,,,,0,0,skapidm01
445,Jalen Slawson,SF,24,SAC,5,19,.667,9.8,,.667,.667,.000,.000,.000,.333,,1.000,1.000,,,,.000,,1.000,,,.000,0,,.000,,,0,0,slawsja01
446,Javonte Smart,PG,24,PHI,1,1,,,,,,,,,,,,,,,,,,,,,,0,,,,,0,0,smartja01
447,Marcus Smart,PG,29,MEM,20,605,.430,18.1,,.435,.105,.177,.118,.034,.565,,.583,.680,.548,.571,.500,.313,,.250,.905,,.000,0,,.209,.357,,2,0,smartma01
448,Dennis Smith Jr.,PG,26,BRK,38,759,.440,10.9,,.710,.381,.214,.040,.075,.290,,.508,.688,.333,.200,.263,.274,,.440,.900,,.075,17,,.301,.409,,1,0,smithde03
449,Dru Smith,SG,26,MIA,9,131,.455,15.4,,.485,.273,.121,.061,.030,.515,,.500,.667,.500,.000,.000,.412,,.500,.857,,.000,0,,.235,.750,,0,0,smithdr01
450,Ish Smith,PG,35,CHO,43,741,.418,10.3,,.949,.222,.278,.310,.139,.051,,.413,.457,.477,.306,.455,.500,,.387,.750,,.000,0,,.125,1.000,,1,0,smithis01
451,Jabari Smith Jr.,PF,20,HOU,49,1549,.459,15.6,,.574,.207,.147,.141,.078,.426,,.533,.676,.506,.446,.366,.359,,.631,.938,,.082,36,,.117,.462,,2,0,smithja05
452,Jalen Smith,C,23,IND,38,689,.632,11.8,,.640,.415,.170,.016,.040,.360,,.716,.790,.605,.750,.400,.484,,.698,1.000,,.154,37,,.154,.429,,1,0,smithja04
453,Nick Smith Jr.,SG,19,CHO,37,573,.406,18.4,,.479,.083,.152,.120,.124,.521,,.356,.389,.455,.423,.148,.451,,.378,.882,,.005,1,,.274,.613,,0,0,smithni01
454,Terquavion Smith,PG,21,PHI,11,68,.400,21.7,,.225,.150,.025,.025,.025,.775,,.444,.667,.000,.000,.000,.387,,.000,.833,,.050,2,,.097,.333,,0,0,smithte01
455,Jeremy Sochan,PF,20,SAS,55,1617,.442,11.0,,.722,.311,.275,.093,.043,.278,,.483,.682,.340,.288,.375,.335,,.582,.981,,.104,51,,.323,.300,,3,0,sochaje01
456,Jaden Springer,SG,21,PHI,32,377,.390,12.0,,.686,.314,.220,.110,.042,.314,,.469,.649,.269,.385,.400,.216,,.474,.875,,.059,7,,.486,.278,,0,0,sprinja01
457,Lamar Stevens,PF,26,TOT,21,169,.476,8.7,,.841,.413,.238,.127,.063,.159,,.491,.692,.267,.250,.500,.400,,.538,1.000,,.159,9,,.700,.286,,0,0,stevela01
458,Isaiah Stewart,PF,22,DET,35,1070,.470,13.0,,.566,.328,.202,.023,.013,.434,,.544,.596,.492,.429,.250,.374,,.699,1.000,,.073,17,,.351,.370,,0,0,stewais01
459,Julian Strawther,SF,21,DEN,35,485,.378,18.8,,.372,.112,.148,.092,.020,.628,,.493,.636,.483,.389,.250,.309,,.639,.947,,.010,2,,.114,.429,,0,0,strawju01
460,Max Strus,SF,27,CLE,53,1710,.410,18.2,,.338,.235,.081,.014,.009,.662,,.554,.627,.304,.875,.400,.336,,.673,.969,,.037,19,,.230,.333,,1,0,strusma01
461,Jalen Suggs,SG,22,ORL,50,1344,.445,17.1,,.455,.187,.134,.085,.049,.545,,.518,.696,.394,.357,.458,.384,,.466,.854,,.037,13,,.235,.397,,1,0,suggsja01
462,Cole Swider,SF,24,MIA,10,50,.391,21.1,,.261,.130,.043,.043,.043,.739,,.667,1.000,.000,1.000,.000,.294,,.750,1.000,,.087,2,,.176,.333,,0,0,swideco01
463,Jae'Sean Tate,SF,28,HOU,51,890,.467,11.0,,.651,.349,.277,.005,.021,.349,,.551,.603,.537,.000,.000,.309,,.543,1.000,,.026,3,,.529,.333,,0,0,tateja01
464,Jayson Tatum,PF,25,BOS,52,1860,.475,15.5,,.567,.218,.167,.095,.087,.433,,.561,.747,.456,.448,.420,.363,,.370,.484,,.067,64,,.066,.379,,0,0,tatumja01
465,Terry Taylor,PF,24,CHI,18,131,.536,7.5,,.750,.571,.179,.000,.000,.250,,.667,.688,.600,,,.143,,.571,1.000,,.036,0,,.714,.200,,0,0,taylote01
466,Garrett Temple,SG,37,TOR,16,69,.381,13.6,,.571,.286,.190,.000,.095,.429,,.500,.833,.250,,.000,.222,,.500,1.000,,.095,2,,.556,.400,,0,0,templga01
467,Dalen Terry,SG,21,CHI,35,351,.395,15.2,,.434,.289,.132,.013,.000,.566,,.606,.636,.600,.000,,.233,,.500,.900,,.079,5,,.442,.263,,0,0,terryda01
468,Daniel Theis,C,31,TOT,40,671,.534,8.8,,.794,.434,.249,.101,.011,.206,,.567,.683,.426,.474,.000,.410,,.812,1.000,,.164,28,,.256,.400,,1,0,theisda01
469,Cam Thomas,SG,22,BRK,45,1336,.439,14.5,,.679,.130,.241,.199,.109,.321,,.474,.683,.410,.458,.400,.364,,.478,.725,,.001,1,,.148,.459,,1,0,thomaca02
470,Amen Thompson,SF,21,HOU,35,672,.512,8.8,,.818,.431,.254,.062,.072,.182,,.591,.700,.528,.308,.400,.158,,.396,.833,,.191,38,,.263,.100,,1,0,thompam01
471,Ausar Thompson,SF,21,DET,54,1298,.485,9.2,,.793,.401,.298,.042,.052,.207,,.571,.650,.537,.471,.238,.155,,.663,.923,,.187,67,,.560,.170,,4,0,thompau01
472,Klay Thompson,SF,33,GSW,49,1500,.415,20.2,,.401,.047,.121,.106,.127,.599,,.486,.697,.442,.493,.444,.368,,.710,.929,,.001,1,,.132,.357,,2,0,thompkl01
473,Tristan Thompson,PF,32,CLE,36,446,.649,3.4,,.989,.670,.287,.032,.000,.011,,.656,.746,.481,.333,,.000,,.541,,,.202,17,,.000,,,1,0,thomptr01
474,JT Thor,PF,21,CHO,43,575,.367,13.7,,.568,.317,.122,.072,.058,.432,,.405,.523,.176,.300,.375,.317,,.719,1.000,,.086,9,,.550,.333,,0,0,thorjt01
475,Matisse Thybulle,SF,26,POR,51,1185,.394,20.2,,.224,.118,.098,.004,.004,.776,,.564,.655,.500,.000,.000,.346,,.613,1.000,,.028,7,,.398,.408,,1,0,thybuma01
476,Xavier Tillman Sr.,C,25,MEM,34,700,.408,9.4,,.751,.380,.286,.066,.019,.249,,.469,.568,.361,.429,.250,.226,,.813,1.000,,.070,13,,.604,.156,,0,0,tillmxa01
477,Jacob Toppin,SF,23,NYK,5,33,.556,14.1,,.556,.222,.222,.000,.111,.444,,.800,1.000,.500,,1.000,.250,,.750,1.000,,.333,3,,.250,.000,,0,0,toppija01
478,Obi Toppin,PF,25,IND,56,1259,.568,12.6,,.575,.370,.181,.022,.002,.425,,.689,.804,.493,.444,.000,.403,,.805,1.000,,.186,68,,.330,.431,,2,0,toppiob01
479,Juan Toscano-Anderson,SF,30,SAC,11,53,.250,9.7,,.667,.417,.250,.000,.000,.333,,.250,.400,.000,,,.250,,1.000,1.000,,.083,1,,.750,.333,,0,0,toscaju01
480,Karl-Anthony Towns,PF,28,MIN,53,1739,.516,12.6,,.665,.260,.288,.070,.048,.335,,.556,.676,.496,.474,.385,.436,,.634,.975,,.041,29,,.080,.364,,1,0,townska01
481,Gary Trent Jr.,SG,25,TOR,50,1313,.416,18.8,,.441,.102,.102,.114,.124,.559,,.413,.615,.385,.328,.349,.418,,.624,.941,,.012,5,,.175,.420,,0,0,trentga02
482,Oscar Tshiebwe,PF,24,IND,7,37,.529,5.6,,1.000,.235,.647,.000,.118,.000,,.529,.750,.455,,.500,,,.778,,,.118,2,,,,,0,0,tshieos01
483,P.J. Tucker,PF,38,TOT,15,239,.316,19.9,,.158,.158,.000,.000,.000,.842,,.333,.333,,,,.313,,1.000,1.000,,.000,0,,1.000,.313,,0,0,tuckepj01
484,Myles Turner,C,27,IND,52,1425,.524,12.7,,.660,.260,.269,.073,.058,.340,,.621,.764,.515,.511,.611,.336,,.772,1.000,,.077,45,,.118,.240,,0,0,turnemy01
485,Hunter Tyson,PF,23,DEN,9,27,.143,22.0,,.143,.143,.000,.000,.000,.857,,1.000,1.000,,,,.000,,1.000,,,.143,1,,.000,,,0,0,tysonhu01
486,Stanley Umude,SG,24,DET,17,190,.481,17.8,,.404,.096,.212,.058,.038,.596,,.381,.800,.364,.000,.000,.548,,.875,1.000,,.019,1,,.484,.533,,0,0,umudest01
487,Jonas Valančiūnas,C,31,NOP,55,1403,.573,8.8,,.831,.375,.290,.113,.052,.169,,.620,.738,.536,.525,.444,.341,,.608,1.000,,.100,47,,.205,.167,,0,0,valanjo01
488,Jarred Vanderbilt,PF,24,LAL,29,581,.518,8.1,,.763,.474,.272,.018,.000,.237,,.586,.685,.452,.000,,.296,,.706,1.000,,.193,21,,.704,.316,,1,0,vandeja01
489,Fred VanVleet,PG,29,HOU,47,1727,.409,19.4,,.430,.107,.128,.068,.126,.570,,.456,.515,.358,.419,.525,.374,,.226,.548,,.000,0,,.080,.483,,2,0,vanvlfr01
490,Devin Vassell,SG,23,SAS,50,1583,.465,16.9,,.550,.151,.138,.135,.125,.450,,.544,.717,.505,.564,.355,.369,,.587,.798,,.044,30,,.161,.500,,1,0,vassede01
491,Sasha Vezenkov,PF,28,SAC,35,440,.448,17.3,,.394,.212,.145,.024,.012,.606,,.554,.771,.333,.000,.500,.380,,.778,.974,,.006,1,,.280,.429,,1,0,vezenal01
492,Gabe Vincent,PG,27,LAL,5,127,.375,18.5,,.469,.125,.125,.031,.188,.531,,.667,.750,.750,1.000,.500,.118,,.500,.500,,.000,0,,.235,.000,,0,0,vincega01
493,Nikola Vučević,C,33,CHI,50,1722,.471,12.0,,.738,.231,.302,.123,.082,.262,,.541,.643,.529,.464,.415,.275,,.717,1.000,,.034,23,,.063,.385,,0,0,vucevni01
494,Dean Wade,PF,27,CLE,44,930,.411,22.7,,.132,.066,.015,.020,.030,.868,,.500,.692,.000,.500,.333,.398,,.615,.985,,.020,3,,.368,.460,,0,0,wadede01
495,Franz Wagner,SF,22,ORL,47,1564,.477,11.7,,.685,.273,.344,.048,.020,.315,,.549,.700,.458,.459,.267,.318,,.429,.792,,.061,46,,.112,.222,,4,0,wagnefr01
496,Moritz Wagner,C,26,ORL,53,974,.588,7.7,,.790,.496,.276,.005,.013,.210,,.658,.778,.457,.500,.400,.325,,.798,.962,,.073,26,,.288,.304,,0,0,wagnemo01
497,Ish Wainright,SF,29,POR,7,46,.333,23.8,,.111,.000,.056,.056,.000,.889,,.000,,.000,.000,,.375,,,1.000,,.000,0,,.313,.600,,0,0,wainris01
498,Jabari Walker,SF,21,POR,49,1083,.469,10.4,,.695,.412,.211,.053,.019,.305,,.552,.664,.418,.176,.667,.278,,.598,1.000,,.050,9,,.485,.277,,1,0,walkeja01
499,Jarace Walker,PF,20,IND,17,173,.424,17.4,,.515,.152,.152,.076,.136,.485,,.471,.400,.300,.800,.556,.375,,.625,.833,,.045,3,,.188,.333,,0,0,walkeja02
500,Lonnie Walker IV,SG,25,BRK,34,616,.474,17.3,,.457,.185,.116,.060,.096,.543,,.522,.661,.429,.556,.345,.433,,.486,.732,,.023,4,,.244,.550,,0,0,walkelo01
501,Cason Wallace,SG,20,OKC,54,1120,.504,16.1,,.454,.221,.121,.054,.057,.546,,.614,.774,.471,.533,.375,.412,,.718,1.000,,.050,11,,.562,.465,,0,0,wallaca01
502,Jordan Walsh,SF,19,BOS,4,33,.200,16.3,,.400,.400,.000,.000,.000,.600,,.500,.500,,,,.000,,1.000,,,.200,1,,.667,.000,,0,0,walshjo01
503,P.J. Washington,PF,25,TOT,47,1374,.444,14.9,,.522,.226,.241,.041,.015,.478,,.561,.711,.450,.455,.375,.316,,.796,.938,,.063,31,,.191,.245,,2,0,washipj01
504,TyTy Washington Jr.,PG,22,MIL,5,21,.143,19.3,,.571,.000,.143,.143,.286,.429,,.000,,.000,.000,.000,.333,,,1.000,,.000,0,,.333,1.000,,0,0,washity02
505,Yuta Watanabe,SF,29,TOT,30,407,.367,20.3,,.248,.092,.101,.037,.018,.752,,.556,.800,.364,.750,.000,.305,,.600,1.000,,.037,4,,.415,.294,,0,0,watanyu01
506,Lindy Waters III,SG,26,OKC,23,169,.442,24.0,,.077,.038,.000,.000,.038,.923,,.500,1.000,,,.000,.438,,1.000,.952,,.019,1,,.271,.615,,0,0,waterli01
507,Trendon Watford,PF,23,BRK,38,459,.542,9.3,,.795,.289,.422,.060,.024,.205,,.583,.750,.500,.500,.250,.382,,.468,.923,,.024,4,,.353,.333,,0,0,watfotr01
508,Peyton Watson,SF,21,DEN,53,969,.473,12.3,,.626,.337,.211,.058,.020,.374,,.554,.657,.435,.471,.333,.336,,.824,.973,,.150,39,,.427,.340,,3,0,watsope01
509,Victor Wembanyama,C,20,SAS,49,1392,.468,12.9,,.695,.275,.219,.103,.099,.305,,.534,.751,.439,.346,.333,.320,,.751,.792,,.157,109,,.058,.429,,1,0,wembavi01
510,Blake Wesley,SG,20,SAS,34,443,.518,9.5,,.773,.455,.218,.082,.018,.227,,.624,.680,.667,.333,.000,.160,,.585,1.000,,.127,12,,.280,.286,,2,0,weslebl01
511,Russell Westbrook,PG,35,LAC,53,1228,.463,9.7,,.755,.390,.258,.069,.038,.245,,.522,.662,.370,.333,.450,.281,,.379,.889,,.073,29,,.398,.314,,0,0,westbru01
512,Coby White,PG,23,CHI,55,1996,.463,15.9,,.525,.238,.140,.097,.049,.475,,.523,.646,.397,.543,.244,.397,,.281,.834,,.010,8,,.129,.451,,3,0,whiteco01
513,Derrick White,SG,29,BOS,51,1646,.462,17.7,,.425,.121,.199,.082,.023,.575,,.551,.778,.479,.408,.500,.397,,.400,.787,,.017,10,,.213,.425,,0,0,whitede01
514,Cam Whitmore,SF,19,HOU,28,476,.478,14.7,,.533,.286,.180,.027,.039,.467,,.544,.603,.500,.571,.300,.403,,.541,.917,,.118,22,,.160,.474,,0,0,whitmca01
515,Aaron Wiggins,SG,25,OKC,51,731,.583,11.3,,.626,.450,.128,.033,.014,.374,,.621,.663,.630,.286,.000,.519,,.707,.951,,.028,4,,.430,.471,,0,0,wiggiaa01
516,Andrew Wiggins,SF,28,GSW,47,1273,.445,12.7,,.700,.209,.302,.087,.101,.300,,.494,.600,.520,.295,.373,.331,,.615,.920,,.056,27,,.152,.348,,1,0,wiggian01
517,Lindell Wigginton,PG,25,MIL,3,8,.400,11.7,,.600,.400,.200,.000,.000,.400,,.667,1.000,.000,,,.000,,.000,,,.000,0,,.000,,,0,0,wiggili01
518,Alondes Williams,SG,24,MIA,1,6,.000,27.7,,.000,.000,.000,.000,.000,1.000,,,,,,,.000,,,,,.000,0,,.000,,,0,0,willial06
519,Brandon Williams,PG,24,DAL,12,59,.364,11.0,,.727,.227,.409,.045,.045,.273,,.375,.400,.444,.000,.000,.333,,.500,.500,,.045,0,,.000,,,0,0,willibr03
520,Grant Williams,PF,25,TOT,50,1333,.423,18.2,,.355,.145,.136,.051,.023,.645,,.512,.706,.354,.444,.375,.374,,.750,.988,,.017,4,,.374,.376,,1,0,willigr01
521,Jalen Williams,PF,22,OKC,48,1538,.544,11.5,,.760,.266,.263,.154,.077,.240,,.573,.733,.460,.539,.471,.453,,.413,.750,,.083,48,,.113,.500,,0,0,willija06
522,Jaylin Williams,C,21,OKC,46,569,.383,18.0,,.362,.161,.134,.047,.020,.638,,.444,.500,.400,.286,.667,.347,,.792,1.000,,.027,3,,.242,.348,,0,0,willija07
523,Jeenathan Williams,SG,24,HOU,10,74,.467,6.4,,.900,.467,.367,.033,.033,.100,,.481,.714,.273,.000,.000,.333,,.385,1.000,,.100,3,,.667,.000,,0,0,willije02
524,Kenrich Williams,PF,29,OKC,43,642,.457,15.4,,.476,.287,.134,.006,.049,.524,,.526,.638,.409,.000,.250,.395,,.780,.971,,.037,5,,.233,.300,,0,0,willike04
525,Mark Williams,C,22,CHO,19,508,.649,2.6,,1.000,.742,.245,.013,.000,.000,,.649,.741,.378,.500,,,,.633,,,.331,47,,,,,0,0,willima07
526,Patrick Williams,PF,22,CHI,43,1174,.443,14.6,,.588,.267,.128,.092,.100,.412,,.474,.573,.326,.485,.389,.399,,.550,.966,,.109,29,,.304,.422,,0,0,willipa01
527,Robert Williams,C,26,POR,6,119,.654,5.8,,1.000,.500,.269,.038,.192,.000,,.654,.769,.429,1.000,.600,,,.529,,,.269,5,,,,,0,0,williro04
528,Vince Williams Jr.,SG,23,MEM,43,1137,.437,16.8,,.389,.232,.106,.038,.014,.611,,.544,.662,.452,.273,.000,.369,,.532,.924,,.017,5,,.358,.344,,0,0,willivi01
529,Ziaire Williams,SF,22,MEM,45,850,.389,15.9,,.497,.226,.127,.080,.064,.503,,.468,.718,.225,.240,.350,.310,,.658,.939,,.099,28,,.354,.357,,1,0,willizi02
530,Zion Williamson,PF,23,NOP,44,1344,.585,3.8,,.983,.585,.368,.027,.003,.017,,.589,.711,.416,.333,.500,.364,,.483,1.000,,.095,56,,.091,1.000,,0,0,willizi01
531,Jalen Wilson,PF,23,BRK,16,234,.500,12.5,,.650,.250,.267,.100,.033,.350,,.487,.667,.438,.333,.000,.524,,.579,1.000,,.000,0,,.286,.500,,0,0,wilsoja03
532,Dylan Windler,SF,27,TOT,8,27,.455,24.5,,.091,.000,.000,.091,.000,.909,,.000,,,.000,,.500,,,1.000,,.000,0,,.300,.333,,0,0,windldy01
533,James Wiseman,C,22,DET,35,495,.667,4.6,,.986,.486,.399,.058,.043,.014,,.676,.806,.564,.625,.333,.000,,.728,,,.304,42,,.000,,,1,0,wisemja01
534,Christian Wood,PF,28,LAL,50,872,.466,13.8,,.568,.261,.223,.042,.042,.432,,.587,.812,.424,.455,.182,.307,,.761,.971,,.102,24,,.228,.346,,0,0,woodch01
535,Delon Wright,PG,31,WAS,33,456,.393,12.7,,.689,.197,.352,.074,.066,.311,,.405,.625,.349,.333,.125,.368,,.324,.786,,.008,1,,.158,.333,,1,0,wrighde01
536,Thaddeus Young,PF,35,TOR,23,350,.621,4.9,,.931,.517,.333,.069,.011,.069,,.654,.689,.621,.500,1.000,.167,,.755,1.000,,.057,5,,.500,.333,,0,0,youngth01
537,Trae Young,PG,25,ATL,50,1826,.427,17.6,,.536,.120,.190,.156,.070,.464,,.476,.578,.418,.470,.471,.371,,.247,.329,,.001,0,,.053,.458,,5,0,youngtr01
538,Omer Yurtseven,C,25,UTA,30,272,.482,7.6,,.819,.422,.313,.072,.012,.181,,.544,.743,.385,.167,.000,.200,,.622,1.000,,.217,15,,.533,.250,,0,0,yurtsom01
539,Cody Zeller,C,31,NOP,36,289,.396,4.3,,.943,.642,.264,.019,.019,.057,,.400,.500,.214,.000,.000,.333,,.600,1.000,,.113,6,,.000,,,0,0,zelleco01
540,Ivica Zubac,C,26,LAC,43,1139,.656,3.4,,1.000,.532,.444,.024,.000,.000,,.656,.699,.612,.500,,,,.756,,,.263,78,,,,,0,0,zubaciv01